CREATE TABLE IF NOT EXISTS `BACKUP` (
  `backup_id` int(11) NOT NULL AUTO_INCREMENT,
  `backup_date` timestamp NOT NULL DEFAULT CURRENT_TIMESTAMP,
  `backup_mailed` int(11) NOT NULL DEFAULT '0',
  `backup_done` int(11) NOT NULL DEFAULT '0',
  PRIMARY KEY (`backup_id`)
) ENGINE=InnoDB AUTO_INCREMENT=6 DEFAULT CHARSET=latin1;

CREATE TABLE IF NOT EXISTS `FINE` (
  `fine_id` int(11) NOT NULL AUTO_INCREMENT,
  `l_id` int(11) NOT NULL,
  `fine_amount` float NOT NULL,
  `fine_date` date NOT NULL,
  PRIMARY KEY (`fine_id`),
  KEY `people_fine_fk` (`l_id`),
  CONSTRAINT `people_fine_fk` FOREIGN KEY (`l_id`) REFERENCES `LOANS` (`loan_id`) ON DELETE CASCADE ON UPDATE CASCADE
) ENGINE=InnoDB AUTO_INCREMENT=100 DEFAULT CHARSET=latin1;

CREATE TABLE IF NOT EXISTS `FINE_HIS` (
  `fine_id` int(11) NOT NULL DEFAULT '0',
  `l_id` int(11) NOT NULL,
  `fine_amount` float NOT NULL,
  `fine_date` date NOT NULL,
  `modified_date` date NOT NULL
) ENGINE=InnoDB DEFAULT CHARSET=latin1;

CREATE TABLE IF NOT EXISTS `FINE_RANGE` (
  `range_id` int(11) NOT NULL AUTO_INCREMENT,
  `min` double DEFAULT NULL,
  `max` double DEFAULT NULL,
  `fine_amt` int(11) NOT NULL,
  `isActive` tinyint(1) NOT NULL,
  PRIMARY KEY (`range_id`)
) ENGINE=InnoDB AUTO_INCREMENT=4 DEFAULT CHARSET=latin1;

CREATE TABLE IF NOT EXISTS `INSTALLMENTS` (
  `installment_id` int(11) NOT NULL AUTO_INCREMENT,
  `loan_id` int(11) NOT NULL,
  `installment_amount` double NOT NULL,
  `installment_deposit_date` timestamp NOT NULL DEFAULT CURRENT_TIMESTAMP,
  `depositByID` int(11) NOT NULL,
  `note` text NOT NULL,
  `installment_type` int(11) NOT NULL,
  PRIMARY KEY (`installment_id`),
  KEY `fk_loan_installment` (`loan_id`),
  KEY `fk_type_installment` (`installment_type`),
  CONSTRAINT `fk_loan_installment` FOREIGN KEY (`loan_id`) REFERENCES `LOANS` (`loan_id`) ON DELETE CASCADE ON UPDATE CASCADE,
  CONSTRAINT `fk_type_installment` FOREIGN KEY (`installment_type`) REFERENCES `L_INSTALLMENT_TYPE` (`id`) ON DELETE CASCADE ON UPDATE CASCADE
) ENGINE=InnoDB AUTO_INCREMENT=12039 DEFAULT CHARSET=latin1;

CREATE TABLE IF NOT EXISTS `INSTALLMENTS_HIS` (
  `installment_id` int(11) NOT NULL DEFAULT '0',
  `loan_id` int(11) NOT NULL,
  `installment_amount` double NOT NULL,
  `installment_deposit_date` timestamp NOT NULL DEFAULT CURRENT_TIMESTAMP,
  `depositByID` int(11) NOT NULL,
  `note` text NOT NULL,
  `installment_type` int(11) NOT NULL,
  `modified_date` date DEFAULT NULL
) ENGINE=InnoDB DEFAULT CHARSET=latin1;

CREATE TABLE IF NOT EXISTS `LOANS` (
  `loan_id` int(11) NOT NULL AUTO_INCREMENT,
  `loan_type_id` int(11) NOT NULL,
  `loan_amount` double NOT NULL,
  `due_date` text,
  `created_date` timestamp NOT NULL DEFAULT CURRENT_TIMESTAMP,
  `loan_cycle_id` int(11) NOT NULL,
  `fine_isActive` int(11) DEFAULT NULL,
  `isActive` int(11) NOT NULL,
  `interst_rate` float NOT NULL,
  `installment_amt` double NOT NULL,
  `loaned_byID` int(11) NOT NULL,
  `person_id` int(11) NOT NULL,
  `installment_number` int(11) NOT NULL,
  `file_charge` double NOT NULL DEFAULT '0',
  PRIMARY KEY (`loan_id`),
  KEY `fk_loan_type` (`loan_type_id`),
  KEY `fk_loan_cycle` (`loan_cycle_id`),
  KEY `fk_loan_people` (`person_id`),
  CONSTRAINT `fk_loan_cycle` FOREIGN KEY (`loan_cycle_id`) REFERENCES `L_LOAN_CYCLE` (`l_cycle_id`) ON DELETE CASCADE ON UPDATE CASCADE,
  CONSTRAINT `fk_loan_people` FOREIGN KEY (`person_id`) REFERENCES `PEOPLE` (`id`) ON DELETE CASCADE ON UPDATE CASCADE,
  CONSTRAINT `fk_loan_type` FOREIGN KEY (`loan_type_id`) REFERENCES `L_LOAN_TYPE` (`l_type_id`) ON DELETE CASCADE ON UPDATE CASCADE
) ENGINE=InnoDB AUTO_INCREMENT=50 DEFAULT CHARSET=latin1;

CREATE TABLE IF NOT EXISTS `LOANS_HIS` (
  `loan_id` int(11) NOT NULL DEFAULT '0',
  `loan_type_id` int(11) NOT NULL,
  `loan_amount` double NOT NULL,
  `due_date` text,
  `created_date` timestamp NOT NULL DEFAULT CURRENT_TIMESTAMP,
  `loan_cycle_id` int(11) NOT NULL,
  `fine_isActive` int(11) DEFAULT NULL,
  `isActive` int(11) NOT NULL,
  `interst_rate` float NOT NULL,
  `installment_amt` double NOT NULL,
  `loaned_byID` int(11) NOT NULL,
  `person_id` int(11) NOT NULL,
  `installment_number` int(11) NOT NULL,
  `file_charge` double NOT NULL DEFAULT '0',
  `modified_date` date DEFAULT NULL
) ENGINE=InnoDB DEFAULT CHARSET=latin1;

CREATE TABLE IF NOT EXISTS `LOGIN_SESSION` (
  `session_id` int(11) NOT NULL AUTO_INCREMENT,
  `token` text NOT NULL,
  `start_time` timestamp NOT NULL DEFAULT CURRENT_TIMESTAMP,
  `user_id` int(11) NOT NULL,
  PRIMARY KEY (`session_id`),
  KEY `fk_user_session` (`user_id`),
  CONSTRAINT `fk_user_session` FOREIGN KEY (`user_id`) REFERENCES `USERS` (`id`) ON DELETE CASCADE ON UPDATE CASCADE
) ENGINE=InnoDB AUTO_INCREMENT=150 DEFAULT CHARSET=latin1;

CREATE TABLE IF NOT EXISTS `LOGIN_SESSION_HIS` (
  `session_id` int(11) NOT NULL DEFAULT '0',
  `token` text NOT NULL,
  `start_time` timestamp NOT NULL DEFAULT CURRENT_TIMESTAMP,
  `user_id` int(11) NOT NULL,
  `end_time` timestamp NOT NULL DEFAULT CURRENT_TIMESTAMP
) ENGINE=InnoDB DEFAULT CHARSET=latin1;

CREATE TABLE IF NOT EXISTS `L_Active` (
  `active_id` int(11) NOT NULL,
  `a_text` varchar(20) NOT NULL
) ENGINE=InnoDB DEFAULT CHARSET=latin1;

CREATE TABLE IF NOT EXISTS `L_FINE_RATES` (
  `id` int(11) NOT NULL AUTO_INCREMENT,
  `fine_amount` int(11) NOT NULL,
  `isActive` int(11) NOT NULL,
  PRIMARY KEY (`id`)
) ENGINE=InnoDB AUTO_INCREMENT=2 DEFAULT CHARSET=latin1;

CREATE TABLE IF NOT EXISTS `L_INSTALLMENT_TYPE` (
  `id` int(11) NOT NULL AUTO_INCREMENT,
  `type` varchar(50) NOT NULL,
  PRIMARY KEY (`id`)
) ENGINE=InnoDB AUTO_INCREMENT=3 DEFAULT CHARSET=latin1;

CREATE TABLE IF NOT EXISTS `L_LOAN_CYCLE` (
  `l_cycle_id` int(11) NOT NULL AUTO_INCREMENT,
  `cycle` int(11) NOT NULL,
  `name` varchar(50) NOT NULL,
  PRIMARY KEY (`l_cycle_id`)
) ENGINE=InnoDB AUTO_INCREMENT=6 DEFAULT CHARSET=latin1;

CREATE TABLE IF NOT EXISTS `L_LOAN_TYPE` (
  `l_type_id` int(11) NOT NULL AUTO_INCREMENT,
  `type` varchar(50) NOT NULL,
  PRIMARY KEY (`l_type_id`)
) ENGINE=InnoDB AUTO_INCREMENT=5 DEFAULT CHARSET=latin1;

CREATE TABLE IF NOT EXISTS `PEOPLE` (
  `id` int(11) NOT NULL AUTO_INCREMENT,
  `name` varchar(50) NOT NULL,
  `address` text NOT NULL,
  `loan_type_id` int(11) NOT NULL,
  `created_date` timestamp NOT NULL DEFAULT CURRENT_TIMESTAMP,
  `mob` text NOT NULL,
  `isActive` int(11) NOT NULL,
  `description` text NOT NULL,
  `photo_url` text,
  `father_name` varchar(100) NOT NULL,
  PRIMARY KEY (`id`),
  KEY `fk_people_type` (`loan_type_id`),
  CONSTRAINT `fk_people_type` FOREIGN KEY (`loan_type_id`) REFERENCES `L_LOAN_TYPE` (`l_type_id`) ON DELETE CASCADE ON UPDATE CASCADE
) ENGINE=InnoDB AUTO_INCREMENT=9217097 DEFAULT CHARSET=latin1;

CREATE TABLE IF NOT EXISTS `PEOPLE_HIS` (
  `id` int(11) NOT NULL DEFAULT '0',
  `name` varchar(50) NOT NULL,
  `address` text NOT NULL,
  `loan_type_id` int(11) NOT NULL,
  `created_date` timestamp NOT NULL DEFAULT CURRENT_TIMESTAMP,
  `mob` text NOT NULL,
  `isActive` int(11) NOT NULL,
  `description` text NOT NULL,
  `photo_url` text
) ENGINE=InnoDB DEFAULT CHARSET=latin1;

CREATE TABLE IF NOT EXISTS `SUPER_USER` (
  `id` int(11) NOT NULL AUTO_INCREMENT,
  `uid` int(11) NOT NULL,
  PRIMARY KEY (`id`),
  KEY `fk_super_user_user` (`uid`),
  CONSTRAINT `fk_super_user_user` FOREIGN KEY (`uid`) REFERENCES `USERS` (`id`) ON DELETE CASCADE ON UPDATE CASCADE
) ENGINE=InnoDB AUTO_INCREMENT=3 DEFAULT CHARSET=latin1;

CREATE TABLE IF NOT EXISTS `USERS` (
  `id` int(11) NOT NULL AUTO_INCREMENT,
  `name` varchar(255) NOT NULL,
  `email` varchar(255) NOT NULL,
  `password` varchar(255) NOT NULL,
  `created_at` datetime NOT NULL DEFAULT CURRENT_TIMESTAMP,
  `updated_at` datetime NOT NULL DEFAULT CURRENT_TIMESTAMP,
  `role` int(11) NOT NULL,
  PRIMARY KEY (`id`)
) ENGINE=InnoDB AUTO_INCREMENT=8 DEFAULT CHARSET=latin1;

INSERT INTO `BACKUP` (`backup_id`,`backup_date`,`backup_mailed`,`backup_done`) VALUES (4,'2018-02-23 16:57:00.000',0,0);
INSERT INTO `BACKUP` (`backup_id`,`backup_date`,`backup_mailed`,`backup_done`) VALUES (5,'2018-02-24 16:57:15.000',0,0);

INSERT INTO `FINE` (`fine_id`,`l_id`,`fine_amount`,`fine_date`) VALUES (99,44,5.84,'2018-02-24 00:00:00.000');

INSERT INTO `FINE_HIS` (`fine_id`,`l_id`,`fine_amount`,`fine_date`,`modified_date`) VALUES (92,40,0.1425,'2018-02-18 00:00:00.000','2018-02-18 00:00:00.000');
INSERT INTO `FINE_HIS` (`fine_id`,`l_id`,`fine_amount`,`fine_date`,`modified_date`) VALUES (77,31,1.105,'2018-02-17 00:00:00.000','2018-02-18 00:00:00.000');
INSERT INTO `FINE_HIS` (`fine_id`,`l_id`,`fine_amount`,`fine_date`,`modified_date`) VALUES (78,32,1.23333,'2018-02-17 00:00:00.000','2018-02-18 00:00:00.000');
INSERT INTO `FINE_HIS` (`fine_id`,`l_id`,`fine_amount`,`fine_date`,`modified_date`) VALUES (79,33,5.015,'2018-02-17 00:00:00.000','2018-02-18 00:00:00.000');
INSERT INTO `FINE_HIS` (`fine_id`,`l_id`,`fine_amount`,`fine_date`,`modified_date`) VALUES (80,34,7.36667,'2018-02-17 00:00:00.000','2018-02-18 00:00:00.000');
INSERT INTO `FINE_HIS` (`fine_id`,`l_id`,`fine_amount`,`fine_date`,`modified_date`) VALUES (81,35,19.2,'2018-02-17 00:00:00.000','2018-02-18 00:00:00.000');
INSERT INTO `FINE_HIS` (`fine_id`,`l_id`,`fine_amount`,`fine_date`,`modified_date`) VALUES (82,38,4.5125,'2018-02-17 00:00:00.000','2018-02-18 00:00:00.000');
INSERT INTO `FINE_HIS` (`fine_id`,`l_id`,`fine_amount`,`fine_date`,`modified_date`) VALUES (83,40,0.1425,'2018-02-17 00:00:00.000','2018-02-18 00:00:00.000');
INSERT INTO `FINE_HIS` (`fine_id`,`l_id`,`fine_amount`,`fine_date`,`modified_date`) VALUES (84,41,3.6425,'2018-02-17 00:00:00.000','2018-02-18 00:00:00.000');
INSERT INTO `FINE_HIS` (`fine_id`,`l_id`,`fine_amount`,`fine_date`,`modified_date`) VALUES (85,42,3.6425,'2018-02-17 00:00:00.000','2018-02-18 00:00:00.000');
INSERT INTO `FINE_HIS` (`fine_id`,`l_id`,`fine_amount`,`fine_date`,`modified_date`) VALUES (86,31,1.105,'2018-02-18 00:00:00.000','2018-02-18 00:00:00.000');
INSERT INTO `FINE_HIS` (`fine_id`,`l_id`,`fine_amount`,`fine_date`,`modified_date`) VALUES (88,33,5.015,'2018-02-18 00:00:00.000','2018-02-18 00:00:00.000');
INSERT INTO `FINE_HIS` (`fine_id`,`l_id`,`fine_amount`,`fine_date`,`modified_date`) VALUES (90,35,19.2,'2018-02-18 00:00:00.000','2018-02-18 00:00:00.000');
INSERT INTO `FINE_HIS` (`fine_id`,`l_id`,`fine_amount`,`fine_date`,`modified_date`) VALUES (91,38,4.5125,'2018-02-18 00:00:00.000','2018-02-18 00:00:00.000');
INSERT INTO `FINE_HIS` (`fine_id`,`l_id`,`fine_amount`,`fine_date`,`modified_date`) VALUES (92,40,0.14,'2018-02-18 00:00:00.000','2018-02-18 00:00:00.000');
INSERT INTO `FINE_HIS` (`fine_id`,`l_id`,`fine_amount`,`fine_date`,`modified_date`) VALUES (93,41,3.6425,'2018-02-18 00:00:00.000','2018-02-18 00:00:00.000');
INSERT INTO `FINE_HIS` (`fine_id`,`l_id`,`fine_amount`,`fine_date`,`modified_date`) VALUES (94,42,3.6425,'2018-02-18 00:00:00.000','2018-02-18 00:00:00.000');
INSERT INTO `FINE_HIS` (`fine_id`,`l_id`,`fine_amount`,`fine_date`,`modified_date`) VALUES (95,34,7.37,'2018-02-18 00:00:00.000','2018-02-18 00:00:00.000');
INSERT INTO `FINE_HIS` (`fine_id`,`l_id`,`fine_amount`,`fine_date`,`modified_date`) VALUES (96,32,1.23,'2018-02-18 00:00:00.000','2018-02-18 00:00:00.000');

INSERT INTO `FINE_RANGE` (`range_id`,`min`,`max`,`fine_amt`,`isActive`) VALUES (1,0,1500,10,1);
INSERT INTO `FINE_RANGE` (`range_id`,`min`,`max`,`fine_amt`,`isActive`) VALUES (2,1501,3000,15,1);
INSERT INTO `FINE_RANGE` (`range_id`,`min`,`max`,`fine_amt`,`isActive`) VALUES (3,3001,1000000,20,1);

INSERT INTO `INSTALLMENTS` (`installment_id`,`loan_id`,`installment_amount`,`installment_deposit_date`,`depositByID`,`note`,`installment_type`) VALUES (12037,44,30,'2018-02-24 15:00:40.000',1,' None',1);
INSERT INTO `INSTALLMENTS` (`installment_id`,`loan_id`,`installment_amount`,`installment_deposit_date`,`depositByID`,`note`,`installment_type`) VALUES (12038,44,22,'2018-02-24 15:10:23.000',1,' None',1);

INSERT INTO `INSTALLMENTS_HIS` (`installment_id`,`loan_id`,`installment_amount`,`installment_deposit_date`,`depositByID`,`note`,`installment_type`,`modified_date`) VALUES (12029,31,50,'2018-02-01 15:17:21.000',11,' None',1,NULL);
INSERT INTO `INSTALLMENTS_HIS` (`installment_id`,`loan_id`,`installment_amount`,`installment_deposit_date`,`depositByID`,`note`,`installment_type`,`modified_date`) VALUES (12030,31,12,'2018-02-01 15:17:39.000',11,' None',2,'2018-02-02 00:00:00.000');
INSERT INTO `INSTALLMENTS_HIS` (`installment_id`,`loan_id`,`installment_amount`,`installment_deposit_date`,`depositByID`,`note`,`installment_type`,`modified_date`) VALUES (12035,48,1000,'2018-02-24 14:55:52.000',1,' jncvkj',1,'2018-02-24 00:00:00.000');

INSERT INTO `LOANS` (`loan_id`,`loan_type_id`,`loan_amount`,`due_date`,`created_date`,`loan_cycle_id`,`fine_isActive`,`isActive`,`interst_rate`,`installment_amt`,`loaned_byID`,`person_id`,`installment_number`,`file_charge`) VALUES (44,1,10000,'03-15-2018','2018-02-13 11:23:41.000',1,1,1,2.2,1220,6,9217096,10,800);

INSERT INTO `LOANS_HIS` (`loan_id`,`loan_type_id`,`loan_amount`,`due_date`,`created_date`,`loan_cycle_id`,`fine_isActive`,`isActive`,`interst_rate`,`installment_amt`,`loaned_byID`,`person_id`,`installment_number`,`file_charge`,`modified_date`) VALUES (37,1,5100,'02-25-2018','2018-01-31 18:02:22.000',1,1,1,3,1003,11,9217087,6,500,'2018-02-02 00:00:00.000');
INSERT INTO `LOANS_HIS` (`loan_id`,`loan_type_id`,`loan_amount`,`due_date`,`created_date`,`loan_cycle_id`,`fine_isActive`,`isActive`,`interst_rate`,`installment_amt`,`loaned_byID`,`person_id`,`installment_number`,`file_charge`,`modified_date`) VALUES (43,1,5500,'03-10-2018','2018-02-03 22:15:23.000',1,1,1,2.4,1048.6666666666667,11,9217095,6,500,'2018-02-24 00:00:00.000');
INSERT INTO `LOANS_HIS` (`loan_id`,`loan_type_id`,`loan_amount`,`due_date`,`created_date`,`loan_cycle_id`,`fine_isActive`,`isActive`,`interst_rate`,`installment_amt`,`loaned_byID`,`person_id`,`installment_number`,`file_charge`,`modified_date`) VALUES (45,1,1000000,'02-21-2018','2018-02-24 14:31:58.000',1,1,1,2.5,80555.55555555556,1,9217082,18,1000,'2018-02-24 00:00:00.000');
INSERT INTO `LOANS_HIS` (`loan_id`,`loan_type_id`,`loan_amount`,`due_date`,`created_date`,`loan_cycle_id`,`fine_isActive`,`isActive`,`interst_rate`,`installment_amt`,`loaned_byID`,`person_id`,`installment_number`,`file_charge`,`modified_date`) VALUES (46,1,10000,'02-27-2018','2018-02-24 14:33:02.000',1,1,1,10,3000,1,9217082,5,100,'2018-02-24 00:00:00.000');
INSERT INTO `LOANS_HIS` (`loan_id`,`loan_type_id`,`loan_amount`,`due_date`,`created_date`,`loan_cycle_id`,`fine_isActive`,`isActive`,`interst_rate`,`installment_amt`,`loaned_byID`,`person_id`,`installment_number`,`file_charge`,`modified_date`) VALUES (31,1,1000,'10-30-2017','2018-01-31 02:06:23.000',1,1,1,2.2,122,11,9217082,10,100,'2018-02-24 00:00:00.000');
INSERT INTO `LOANS_HIS` (`loan_id`,`loan_type_id`,`loan_amount`,`due_date`,`created_date`,`loan_cycle_id`,`fine_isActive`,`isActive`,`interst_rate`,`installment_amt`,`loaned_byID`,`person_id`,`installment_number`,`file_charge`,`modified_date`) VALUES (47,1,1000,'02-07-2018','2018-02-24 14:34:56.000',1,1,1,1,100.9090909090909,1,9217082,11,100,'2018-02-24 00:00:00.000');
INSERT INTO `LOANS_HIS` (`loan_id`,`loan_type_id`,`loan_amount`,`due_date`,`created_date`,`loan_cycle_id`,`fine_isActive`,`isActive`,`interst_rate`,`installment_amt`,`loaned_byID`,`person_id`,`installment_number`,`file_charge`,`modified_date`) VALUES (41,2,4700,'02-15-2018','2018-02-03 21:58:12.000',1,1,1,3,728.5,11,9217094,8,400,'2018-02-24 00:00:00.000');
INSERT INTO `LOANS_HIS` (`loan_id`,`loan_type_id`,`loan_amount`,`due_date`,`created_date`,`loan_cycle_id`,`fine_isActive`,`isActive`,`interst_rate`,`installment_amt`,`loaned_byID`,`person_id`,`installment_number`,`file_charge`,`modified_date`) VALUES (42,2,4700,'02-15-2018','2018-02-03 21:58:29.000',1,1,1,3,728.5,11,9217094,8,400,'2018-02-24 00:00:00.000');
INSERT INTO `LOANS_HIS` (`loan_id`,`loan_type_id`,`loan_amount`,`due_date`,`created_date`,`loan_cycle_id`,`fine_isActive`,`isActive`,`interst_rate`,`installment_amt`,`loaned_byID`,`person_id`,`installment_number`,`file_charge`,`modified_date`) VALUES (40,2,4700,'02-15-2018','2018-02-03 21:58:11.000',1,1,1,3,728.5,11,9217094,8,400,'2018-02-24 00:00:00.000');
INSERT INTO `LOANS_HIS` (`loan_id`,`loan_type_id`,`loan_amount`,`due_date`,`created_date`,`loan_cycle_id`,`fine_isActive`,`isActive`,`interst_rate`,`installment_amt`,`loaned_byID`,`person_id`,`installment_number`,`file_charge`,`modified_date`) VALUES (38,2,17500,'02-10-2018','2018-01-31 18:08:56.000',1,1,1,2.3,2902.5,11,9217088,7,1500,'2018-02-24 00:00:00.000');
INSERT INTO `LOANS_HIS` (`loan_id`,`loan_type_id`,`loan_amount`,`due_date`,`created_date`,`loan_cycle_id`,`fine_isActive`,`isActive`,`interst_rate`,`installment_amt`,`loaned_byID`,`person_id`,`installment_number`,`file_charge`,`modified_date`) VALUES (39,1,10000,'02-21-2018','2018-02-01 15:16:00.000',1,1,1,2.5,1250,11,9217090,10,1000,'2018-02-24 00:00:00.000');
INSERT INTO `LOANS_HIS` (`loan_id`,`loan_type_id`,`loan_amount`,`due_date`,`created_date`,`loan_cycle_id`,`fine_isActive`,`isActive`,`interst_rate`,`installment_amt`,`loaned_byID`,`person_id`,`installment_number`,`file_charge`,`modified_date`) VALUES (36,1,5100,'02-25-2018','2018-01-31 18:02:22.000',1,1,1,3,1003,11,9217087,6,500,'2018-02-24 00:00:00.000');
INSERT INTO `LOANS_HIS` (`loan_id`,`loan_type_id`,`loan_amount`,`due_date`,`created_date`,`loan_cycle_id`,`fine_isActive`,`isActive`,`interst_rate`,`installment_amt`,`loaned_byID`,`person_id`,`installment_number`,`file_charge`,`modified_date`) VALUES (35,2,32000,'01-31-2018','2018-01-31 16:10:39.000',1,1,1,2,3840,11,9217086,10,2000,'2018-02-24 00:00:00.000');
INSERT INTO `LOANS_HIS` (`loan_id`,`loan_type_id`,`loan_amount`,`due_date`,`created_date`,`loan_cycle_id`,`fine_isActive`,`isActive`,`interst_rate`,`installment_amt`,`loaned_byID`,`person_id`,`installment_number`,`file_charge`,`modified_date`) VALUES (33,1,5100,'02-15-2018','2018-01-31 16:01:57.000',1,1,1,3,1003,11,9217085,6,600,'2018-02-24 00:00:00.000');
INSERT INTO `LOANS_HIS` (`loan_id`,`loan_type_id`,`loan_amount`,`due_date`,`created_date`,`loan_cycle_id`,`fine_isActive`,`isActive`,`interst_rate`,`installment_amt`,`loaned_byID`,`person_id`,`installment_number`,`file_charge`,`modified_date`) VALUES (49,1,10000,'02-11-2018','2018-02-24 14:50:34.000',1,1,1,10,1833.3333333333333,1,9217083,12,1000,'2018-02-24 00:00:00.000');
INSERT INTO `LOANS_HIS` (`loan_id`,`loan_type_id`,`loan_amount`,`due_date`,`created_date`,`loan_cycle_id`,`fine_isActive`,`isActive`,`interst_rate`,`installment_amt`,`loaned_byID`,`person_id`,`installment_number`,`file_charge`,`modified_date`) VALUES (34,1,19500,'02-15-2018','2018-01-31 16:03:20.000',1,1,1,2,1473.3333333333333,11,9217083,18,2000,'2018-02-24 00:00:00.000');
INSERT INTO `LOANS_HIS` (`loan_id`,`loan_type_id`,`loan_amount`,`due_date`,`created_date`,`loan_cycle_id`,`fine_isActive`,`isActive`,`interst_rate`,`installment_amt`,`loaned_byID`,`person_id`,`installment_number`,`file_charge`,`modified_date`) VALUES (32,1,19500,'01-15-2018','2018-01-31 11:12:41.000',1,1,1,2,1473.3333333333333,11,9217083,18,2000,'2018-02-24 00:00:00.000');
INSERT INTO `LOANS_HIS` (`loan_id`,`loan_type_id`,`loan_amount`,`due_date`,`created_date`,`loan_cycle_id`,`fine_isActive`,`isActive`,`interst_rate`,`installment_amt`,`loaned_byID`,`person_id`,`installment_number`,`file_charge`,`modified_date`) VALUES (48,1,100000,'02-27-2018','2018-02-24 14:43:12.000',1,1,1,2.5,6666.666666666667,1,9217090,24,1000,'2018-02-24 00:00:00.000');

INSERT INTO `LOGIN_SESSION` (`session_id`,`token`,`start_time`,`user_id`) VALUES (73,'eyJhbGciOiJIUzI1NiIsInR5cCI6IkpXVCJ9.eyJhZG1pbiI6eyJpZCI6NywibmFtZSI6IlNhbmRlZXAiLCJlbWFpbCI6Ijg4NzI1NTYwNjdAc3VzLmNvbSIsInBhc3N3b3JkIjoic3VzMTIzIiwiY3JlYXRlZF9hdCI6IjIwMTgtMDEtMzBUMDE6MDc6NTcuMDAwWiIsInVwZGF0ZWRfYXQiOiIyMDE4LTAxLTMwVDAxOjA3OjU3LjAwMFoiLCJyb2xlIjoxfSwiaWF0IjoxNTE5MDI0ODM4LCJleHAiOjE1MjQyMDg4Mzh9.-HOVwr840OQUGsa3FskjDIUWoh2H14vaYazjT3gEhtQ','2018-02-19 12:50:38.000',7);
INSERT INTO `LOGIN_SESSION` (`session_id`,`token`,`start_time`,`user_id`) VALUES (75,'eyJhbGciOiJIUzI1NiIsInR5cCI6IkpXVCJ9.eyJhZG1pbiI6eyJpZCI6NiwibmFtZSI6Ikphc2thcm4gIiwiZW1haWwiOiI5NTkyMDAzMDU5QHN1cy5jb20iLCJwYXNzd29yZCI6Imphc3MiLCJjcmVhdGVkX2F0IjoiMjAxOC0wMS0zMFQwMTowNzowMC4wMDBaIiwidXBkYXRlZF9hdCI6IjIwMTgtMDEtMzBUMDE6MDc6MDAuMDAwWiIsInJvbGUiOjF9LCJpYXQiOjE1MTkwMjU0MzYsImV4cCI6MTUyNDIwOTQzNn0.E7G4s6EHpaij-niK9iYhFfXPOXeid-dO895LOKSiuZM','2018-02-19 13:00:36.000',6);
INSERT INTO `LOGIN_SESSION` (`session_id`,`token`,`start_time`,`user_id`) VALUES (149,'eyJhbGciOiJIUzI1NiIsInR5cCI6IkpXVCJ9.eyJhZG1pbiI6eyJpZCI6MSwibmFtZSI6InJhdmRlZXAiLCJlbWFpbCI6InJhdmRlZXBzM0BnbWFpbC5jb20iLCJwYXNzd29yZCI6ImphcyIsImNyZWF0ZWRfYXQiOiIyMDE3LTEyLTI4VDE4OjQ3OjEyLjAwMFoiLCJ1cGRhdGVkX2F0IjoiMjAxNy0xMi0yOFQxODo0NzoxMi4wMDBaIiwicm9sZSI6MX0sImlhdCI6MTUxOTQ3MTY0NywiZXhwIjoxNTI0NjU1NjQ3fQ.kLT3dW5P5xsmbfH4YcfID5i3z0ojZ-70QSbwgM0gWY4','2018-02-24 16:57:27.000',1);

INSERT INTO `LOGIN_SESSION_HIS` (`session_id`,`token`,`start_time`,`user_id`,`end_time`) VALUES (3,'eyJhbGciOiJIUzI1NiIsInR5cCI6IkpXVCJ9.eyJhZG1pbiI6eyJpZCI6NiwibmFtZSI6Ikphc2thcm4gIiwiZW1haWwiOiI5NTkyMDAzMDU5QHN1cy5jb20iLCJwYXNzd29yZCI6Imphc3MiLCJjcmVhdGVkX2F0IjoiMjAxOC0wMS0zMFQwMTowNzowMC4wMDBaIiwidXBkYXRlZF9hdCI6IjIwMTgtMDEtMzBUMDE6MDc6MDAuMDAwWiIsInJvbGUiOjF9LCJpYXQiOjE1MTc2NDg1ODcsImV4cCI6MTUyMjgzMjU4N30.BQireB8TTMP-F4ulC0POqKtqsVwzRCMrVCPbxa5C4sI','2018-02-03 14:33:07.000',6,'2018-02-03 14:36:22.000');
INSERT INTO `LOGIN_SESSION_HIS` (`session_id`,`token`,`start_time`,`user_id`,`end_time`) VALUES (4,'eyJhbGciOiJIUzI1NiIsInR5cCI6IkpXVCJ9.eyJhZG1pbiI6eyJpZCI6MSwibmFtZSI6InJhdmRlZXAiLCJlbWFpbCI6InJhdmRlZXBzM0BnbWFpbC5jb20iLCJwYXNzd29yZCI6ImphcyIsImNyZWF0ZWRfYXQiOiIyMDE3LTEyLTI4VDE4OjQ3OjEyLjAwMFoiLCJ1cGRhdGVkX2F0IjoiMjAxNy0xMi0yOFQxODo0NzoxMi4wMDBaIiwicm9sZSI6MX0sImlhdCI6MTUxNzY0ODcwOCwiZXhwIjoxNTIyODMyNzA4fQ.FDZE0UWe5Bo7fQxZ-47NQDPBZl-WYHA4kK_ASPQzVUY','2018-02-03 14:35:08.000',1,'2018-02-03 14:36:22.000');
INSERT INTO `LOGIN_SESSION_HIS` (`session_id`,`token`,`start_time`,`user_id`,`end_time`) VALUES (4,'eyJhbGciOiJIUzI1NiIsInR5cCI6IkpXVCJ9.eyJhZG1pbiI6eyJpZCI6MSwibmFtZSI6InJhdmRlZXAiLCJlbWFpbCI6InJhdmRlZXBzM0BnbWFpbC5jb20iLCJwYXNzd29yZCI6ImphcyIsImNyZWF0ZWRfYXQiOiIyMDE3LTEyLTI4VDE4OjQ3OjEyLjAwMFoiLCJ1cGRhdGVkX2F0IjoiMjAxNy0xMi0yOFQxODo0NzoxMi4wMDBaIiwicm9sZSI6MX0sImlhdCI6MTUxNzY0ODcwOCwiZXhwIjoxNTIyODMyNzA4fQ.FDZE0UWe5Bo7fQxZ-47NQDPBZl-WYHA4kK_ASPQzVUY','2018-02-03 14:35:08.000',1,'2018-02-03 14:43:32.000');
INSERT INTO `LOGIN_SESSION_HIS` (`session_id`,`token`,`start_time`,`user_id`,`end_time`) VALUES (3,'eyJhbGciOiJIUzI1NiIsInR5cCI6IkpXVCJ9.eyJhZG1pbiI6eyJpZCI6NiwibmFtZSI6Ikphc2thcm4gIiwiZW1haWwiOiI5NTkyMDAzMDU5QHN1cy5jb20iLCJwYXNzd29yZCI6Imphc3MiLCJjcmVhdGVkX2F0IjoiMjAxOC0wMS0zMFQwMTowNzowMC4wMDBaIiwidXBkYXRlZF9hdCI6IjIwMTgtMDEtMzBUMDE6MDc6MDAuMDAwWiIsInJvbGUiOjF9LCJpYXQiOjE1MTc2NDg1ODcsImV4cCI6MTUyMjgzMjU4N30.BQireB8TTMP-F4ulC0POqKtqsVwzRCMrVCPbxa5C4sI','2018-02-03 14:33:07.000',6,'2018-02-03 14:54:18.000');
INSERT INTO `LOGIN_SESSION_HIS` (`session_id`,`token`,`start_time`,`user_id`,`end_time`) VALUES (5,'eyJhbGciOiJIUzI1NiIsInR5cCI6IkpXVCJ9.eyJhZG1pbiI6eyJpZCI6MSwibmFtZSI6InJhdmRlZXAiLCJlbWFpbCI6InJhdmRlZXBzM0BnbWFpbC5jb20iLCJwYXNzd29yZCI6ImphcyIsImNyZWF0ZWRfYXQiOiIyMDE3LTEyLTI4VDE4OjQ3OjEyLjAwMFoiLCJ1cGRhdGVkX2F0IjoiMjAxNy0xMi0yOFQxODo0NzoxMi4wMDBaIiwicm9sZSI6MX0sImlhdCI6MTUxNzY0OTE4MywiZXhwIjoxNTIyODMzMTgzfQ.oyy82MB-h1oPazJBAUWJmQmAClINIbTgfVksCYY8FmM','2018-02-03 14:43:32.000',1,'2018-02-03 19:16:20.000');
INSERT INTO `LOGIN_SESSION_HIS` (`session_id`,`token`,`start_time`,`user_id`,`end_time`) VALUES (7,'eyJhbGciOiJIUzI1NiIsInR5cCI6IkpXVCJ9.eyJhZG1pbiI6eyJpZCI6MSwibmFtZSI6InJhdmRlZXAiLCJlbWFpbCI6InJhdmRlZXBzM0BnbWFpbC5jb20iLCJwYXNzd29yZCI6ImphcyIsImNyZWF0ZWRfYXQiOiIyMDE3LTEyLTI4VDE4OjQ3OjEyLjAwMFoiLCJ1cGRhdGVkX2F0IjoiMjAxNy0xMi0yOFQxODo0NzoxMi4wMDBaIiwicm9sZSI6MX0sImlhdCI6MTUxNzY2NTU4MCwiZXhwIjoxNTIyODQ5NTgwfQ.5VpW8ntNuMm2vjxWzTvd4l6tfr70aT-XoKhwyie4PBw','2018-02-03 19:16:20.000',1,'2018-02-04 19:28:55.000');
INSERT INTO `LOGIN_SESSION_HIS` (`session_id`,`token`,`start_time`,`user_id`,`end_time`) VALUES (8,'eyJhbGciOiJIUzI1NiIsInR5cCI6IkpXVCJ9.eyJhZG1pbiI6eyJpZCI6MSwibmFtZSI6InJhdmRlZXAiLCJlbWFpbCI6InJhdmRlZXBzM0BnbWFpbC5jb20iLCJwYXNzd29yZCI6ImphcyIsImNyZWF0ZWRfYXQiOiIyMDE3LTEyLTI4VDE4OjQ3OjEyLjAwMFoiLCJ1cGRhdGVkX2F0IjoiMjAxNy0xMi0yOFQxODo0NzoxMi4wMDBaIiwicm9sZSI6MX0sImlhdCI6MTUxNzc1MjczNSwiZXhwIjoxNTIyOTM2NzM1fQ.IfcCzSgTe8tSOLmX9YNqKADQhSRXU_m1EcYYn84yFug','2018-02-04 19:28:55.000',1,'2018-02-06 10:56:12.000');
INSERT INTO `LOGIN_SESSION_HIS` (`session_id`,`token`,`start_time`,`user_id`,`end_time`) VALUES (9,'eyJhbGciOiJIUzI1NiIsInR5cCI6IkpXVCJ9.eyJhZG1pbiI6eyJpZCI6MSwibmFtZSI6InJhdmRlZXAiLCJlbWFpbCI6InJhdmRlZXBzM0BnbWFpbC5jb20iLCJwYXNzd29yZCI6ImphcyIsImNyZWF0ZWRfYXQiOiIyMDE3LTEyLTI5VDA1OjE3OjEyLjAwMFoiLCJ1cGRhdGVkX2F0IjoiMjAxNy0xMi0yOVQwNToxNzoxMi4wMDBaIiwicm9sZSI6MX0sImlhdCI6MTUxNzg5NDA5NiwiZXhwIjoxNTIzMDc4MDk2fQ.fXvDsAVJa0e6-bAP3BaR9-D9eXAnggCkpSahLwhuZlc','2018-02-06 10:56:12.000',1,'2018-02-06 20:36:34.000');
INSERT INTO `LOGIN_SESSION_HIS` (`session_id`,`token`,`start_time`,`user_id`,`end_time`) VALUES (6,'eyJhbGciOiJIUzI1NiIsInR5cCI6IkpXVCJ9.eyJhZG1pbiI6eyJpZCI6NiwibmFtZSI6Ikphc2thcm4gIiwiZW1haWwiOiI5NTkyMDAzMDU5QHN1cy5jb20iLCJwYXNzd29yZCI6Imphc3MiLCJjcmVhdGVkX2F0IjoiMjAxOC0wMS0zMFQwMTowNzowMC4wMDBaIiwidXBkYXRlZF9hdCI6IjIwMTgtMDEtMzBUMDE6MDc6MDAuMDAwWiIsInJvbGUiOjF9LCJpYXQiOjE1MTc2NDk4NTgsImV4cCI6MTUyMjgzMzg1OH0.HqbfVnr5Jxa2s04TJjZvI4MWNc4AJ_kida6ZWpo459g','2018-02-03 14:54:18.000',6,'2018-02-06 20:54:12.000');
INSERT INTO `LOGIN_SESSION_HIS` (`session_id`,`token`,`start_time`,`user_id`,`end_time`) VALUES (11,'eyJhbGciOiJIUzI1NiIsInR5cCI6IkpXVCJ9.eyJhZG1pbiI6eyJpZCI6NiwibmFtZSI6Ikphc2thcm4gIiwiZW1haWwiOiI5NTkyMDAzMDU5QHN1cy5jb20iLCJwYXNzd29yZCI6Imphc3MiLCJjcmVhdGVkX2F0IjoiMjAxOC0wMS0zMFQxMTozNzowMC4wMDBaIiwidXBkYXRlZF9hdCI6IjIwMTgtMDEtMzBUMTE6Mzc6MDAuMDAwWiIsInJvbGUiOjF9LCJpYXQiOjE1MTc5MzA2NTIsImV4cCI6MTUyMzExNDY1Mn0.6x4P7bSB-A75kteLOaMiUcvSznBKTgV_U072gPEJ61A','2018-02-06 20:54:12.000',6,'2018-02-06 20:55:04.000');
INSERT INTO `LOGIN_SESSION_HIS` (`session_id`,`token`,`start_time`,`user_id`,`end_time`) VALUES (10,'eyJhbGciOiJIUzI1NiIsInR5cCI6IkpXVCJ9.eyJhZG1pbiI6eyJpZCI6MSwibmFtZSI6InJhdmRlZXAiLCJlbWFpbCI6InJhdmRlZXBzM0BnbWFpbC5jb20iLCJwYXNzd29yZCI6ImphcyIsImNyZWF0ZWRfYXQiOiIyMDE3LTEyLTI5VDA1OjE3OjEyLjAwMFoiLCJ1cGRhdGVkX2F0IjoiMjAxNy0xMi0yOVQwNToxNzoxMi4wMDBaIiwicm9sZSI6MX0sImlhdCI6MTUxNzkyOTU5NCwiZXhwIjoxNTIzMTEzNTk0fQ.K0IoybHt9RXNOu02do-iq8ffYKbz82-p7P5PKZ41yAU','2018-02-06 20:36:34.000',1,'2018-02-07 02:27:17.000');
INSERT INTO `LOGIN_SESSION_HIS` (`session_id`,`token`,`start_time`,`user_id`,`end_time`) VALUES (13,'eyJhbGciOiJIUzI1NiIsInR5cCI6IkpXVCJ9.eyJhZG1pbiI6eyJpZCI6MSwibmFtZSI6InJhdmRlZXAiLCJlbWFpbCI6InJhdmRlZXBzM0BnbWFpbC5jb20iLCJwYXNzd29yZCI6ImphcyIsImNyZWF0ZWRfYXQiOiIyMDE3LTEyLTI5VDA1OjE3OjEyLjAwMFoiLCJ1cGRhdGVkX2F0IjoiMjAxNy0xMi0yOVQwNToxNzoxMi4wMDBaIiwicm9sZSI6MX0sImlhdCI6MTUxNzk1MDYzNywiZXhwIjoxNTIzMTM0NjM3fQ.3dCL7-EW0kAC3Cp9D7IYpJbVw6bOgGU7hg4tUjxgMhY','2018-02-07 02:27:17.000',1,'2018-02-07 15:07:16.000');
INSERT INTO `LOGIN_SESSION_HIS` (`session_id`,`token`,`start_time`,`user_id`,`end_time`) VALUES (14,'eyJhbGciOiJIUzI1NiIsInR5cCI6IkpXVCJ9.eyJhZG1pbiI6eyJpZCI6MSwibmFtZSI6InJhdmRlZXAiLCJlbWFpbCI6InJhdmRlZXBzM0BnbWFpbC5jb20iLCJwYXNzd29yZCI6ImphcyIsImNyZWF0ZWRfYXQiOiIyMDE3LTEyLTI5VDA1OjE3OjEyLjAwMFoiLCJ1cGRhdGVkX2F0IjoiMjAxNy0xMi0yOVQwNToxNzoxMi4wMDBaIiwicm9sZSI6MX0sImlhdCI6MTUxNzk5NjIzNiwiZXhwIjoxNTIzMTgwMjM2fQ.EGBcXZcfrZ1KYJxBtAV0_v9QtTohWgAFRHJoIutwb00','2018-02-07 15:07:16.000',1,'2018-02-07 19:25:19.000');
INSERT INTO `LOGIN_SESSION_HIS` (`session_id`,`token`,`start_time`,`user_id`,`end_time`) VALUES (15,'eyJhbGciOiJIUzI1NiIsInR5cCI6IkpXVCJ9.eyJhZG1pbiI6eyJpZCI6MSwibmFtZSI6InJhdmRlZXAiLCJlbWFpbCI6InJhdmRlZXBzM0BnbWFpbC5jb20iLCJwYXNzd29yZCI6ImphcyIsImNyZWF0ZWRfYXQiOiIyMDE3LTEyLTI5VDA1OjE3OjEyLjAwMFoiLCJ1cGRhdGVkX2F0IjoiMjAxNy0xMi0yOVQwNToxNzoxMi4wMDBaIiwicm9sZSI6MX0sImlhdCI6MTUxODAxMTcxOSwiZXhwIjoxNTIzMTk1NzE5fQ.wN6y4_uUmV29VjbmvRJux5GqOPvCOMTe0-Drgct4Ess','2018-02-07 19:25:19.000',1,'2018-02-07 20:27:43.000');
INSERT INTO `LOGIN_SESSION_HIS` (`session_id`,`token`,`start_time`,`user_id`,`end_time`) VALUES (16,'eyJhbGciOiJIUzI1NiIsInR5cCI6IkpXVCJ9.eyJhZG1pbiI6eyJpZCI6MSwibmFtZSI6InJhdmRlZXAiLCJlbWFpbCI6InJhdmRlZXBzM0BnbWFpbC5jb20iLCJwYXNzd29yZCI6ImphcyIsImNyZWF0ZWRfYXQiOiIyMDE3LTEyLTI5VDA1OjE3OjEyLjAwMFoiLCJ1cGRhdGVkX2F0IjoiMjAxNy0xMi0yOVQwNToxNzoxMi4wMDBaIiwicm9sZSI6MX0sImlhdCI6MTUxODAxNTQ2MCwiZXhwIjoxNTIzMTk5NDYwfQ.Vtb3WrpW6P7Wi8fVqMMfbI_zwyzHFEXsNNcG7QvlxqU','2018-02-07 20:27:43.000',1,'2018-02-08 15:32:34.000');
INSERT INTO `LOGIN_SESSION_HIS` (`session_id`,`token`,`start_time`,`user_id`,`end_time`) VALUES (17,'eyJhbGciOiJIUzI1NiIsInR5cCI6IkpXVCJ9.eyJhZG1pbiI6eyJpZCI6MSwibmFtZSI6InJhdmRlZXAiLCJlbWFpbCI6InJhdmRlZXBzM0BnbWFpbC5jb20iLCJwYXNzd29yZCI6ImphcyIsImNyZWF0ZWRfYXQiOiIyMDE3LTEyLTI5VDA1OjE3OjEyLjAwMFoiLCJ1cGRhdGVkX2F0IjoiMjAxNy0xMi0yOVQwNToxNzoxMi4wMDBaIiwicm9sZSI6MX0sImlhdCI6MTUxODA4NDE1MywiZXhwIjoxNTIzMjY4MTUzfQ._Nq4kdcO8loJ_RBUTDZq2P-cpUuZnt8xsy2A94YfzLg','2018-02-08 15:32:34.000',1,'2018-02-08 15:50:45.000');
INSERT INTO `LOGIN_SESSION_HIS` (`session_id`,`token`,`start_time`,`user_id`,`end_time`) VALUES (12,'eyJhbGciOiJIUzI1NiIsInR5cCI6IkpXVCJ9.eyJhZG1pbiI6eyJpZCI6NiwibmFtZSI6Ikphc2thcm4gIiwiZW1haWwiOiI5NTkyMDAzMDU5QHN1cy5jb20iLCJwYXNzd29yZCI6Imphc3MiLCJjcmVhdGVkX2F0IjoiMjAxOC0wMS0zMFQxMTozNzowMC4wMDBaIiwidXBkYXRlZF9hdCI6IjIwMTgtMDEtMzBUMTE6Mzc6MDAuMDAwWiIsInJvbGUiOjF9LCJpYXQiOjE1MTc5MzA2NTIsImV4cCI6MTUyMzExNDY1Mn0.6x4P7bSB-A75kteLOaMiUcvSznBKTgV_U072gPEJ61A','2018-02-06 20:55:04.000',6,'2018-02-08 20:45:56.000');
INSERT INTO `LOGIN_SESSION_HIS` (`session_id`,`token`,`start_time`,`user_id`,`end_time`) VALUES (19,'eyJhbGciOiJIUzI1NiIsInR5cCI6IkpXVCJ9.eyJhZG1pbiI6eyJpZCI6NiwibmFtZSI6Ikphc2thcm4gIiwiZW1haWwiOiI5NTkyMDAzMDU5QHN1cy5jb20iLCJwYXNzd29yZCI6Imphc3MiLCJjcmVhdGVkX2F0IjoiMjAxOC0wMS0zMFQxMTozNzowMC4wMDBaIiwidXBkYXRlZF9hdCI6IjIwMTgtMDEtMzBUMTE6Mzc6MDAuMDAwWiIsInJvbGUiOjF9LCJpYXQiOjE1MTgxMDI5NTUsImV4cCI6MTUyMzI4Njk1NX0.m7KUQ9euodEJONA0CBrH1lZVfaDuPV_2xcJPx9-y-Go','2018-02-08 20:45:56.000',6,'2018-02-09 20:03:22.000');
INSERT INTO `LOGIN_SESSION_HIS` (`session_id`,`token`,`start_time`,`user_id`,`end_time`) VALUES (20,'eyJhbGciOiJIUzI1NiIsInR5cCI6IkpXVCJ9.eyJhZG1pbiI6eyJpZCI6NiwibmFtZSI6Ikphc2thcm4gIiwiZW1haWwiOiI5NTkyMDAzMDU5QHN1cy5jb20iLCJwYXNzd29yZCI6Imphc3MiLCJjcmVhdGVkX2F0IjoiMjAxOC0wMS0zMFQxMTozNzowMC4wMDBaIiwidXBkYXRlZF9hdCI6IjIwMTgtMDEtMzBUMTE6Mzc6MDAuMDAwWiIsInJvbGUiOjF9LCJpYXQiOjE1MTgxODY4MDEsImV4cCI6MTUyMzM3MDgwMX0.urDj671fFhdaeCjp6GVPAeXOAdBXeJS63LOuquupYyo','2018-02-09 20:03:22.000',6,'2018-02-09 20:25:33.000');
INSERT INTO `LOGIN_SESSION_HIS` (`session_id`,`token`,`start_time`,`user_id`,`end_time`) VALUES (21,'eyJhbGciOiJIUzI1NiIsInR5cCI6IkpXVCJ9.eyJhZG1pbiI6eyJpZCI6NiwibmFtZSI6Ikphc2thcm4gIiwiZW1haWwiOiI5NTkyMDAzMDU5QHN1cy5jb20iLCJwYXNzd29yZCI6Imphc3MiLCJjcmVhdGVkX2F0IjoiMjAxOC0wMS0zMFQxMTozNzowMC4wMDBaIiwidXBkYXRlZF9hdCI6IjIwMTgtMDEtMzBUMTE6Mzc6MDAuMDAwWiIsInJvbGUiOjF9LCJpYXQiOjE1MTgxODgxMzIsImV4cCI6MTUyMzM3MjEzMn0.5AvS_GsDCNvGTVnisZ5F4_4jwEsWinLK_Su1Zf_1zoM','2018-02-09 20:25:33.000',6,'2018-02-09 20:52:05.000');
INSERT INTO `LOGIN_SESSION_HIS` (`session_id`,`token`,`start_time`,`user_id`,`end_time`) VALUES (18,'eyJhbGciOiJIUzI1NiIsInR5cCI6IkpXVCJ9.eyJhZG1pbiI6eyJpZCI6MSwibmFtZSI6InJhdmRlZXAiLCJlbWFpbCI6InJhdmRlZXBzM0BnbWFpbC5jb20iLCJwYXNzd29yZCI6ImphcyIsImNyZWF0ZWRfYXQiOiIyMDE3LTEyLTI5VDA1OjE3OjEyLjAwMFoiLCJ1cGRhdGVkX2F0IjoiMjAxNy0xMi0yOVQwNToxNzoxMi4wMDBaIiwicm9sZSI6MX0sImlhdCI6MTUxODA4NTI0NSwiZXhwIjoxNTIzMjY5MjQ1fQ.GrEFynYe4pXnWKAU4AfmhhM3XUDidLyH0cBJ-kOtzXg','2018-02-08 15:50:45.000',1,'2018-02-10 16:54:33.000');
INSERT INTO `LOGIN_SESSION_HIS` (`session_id`,`token`,`start_time`,`user_id`,`end_time`) VALUES (23,'eyJhbGciOiJIUzI1NiIsInR5cCI6IkpXVCJ9.eyJhZG1pbiI6eyJpZCI6MSwibmFtZSI6InJhdmRlZXAiLCJlbWFpbCI6InJhdmRlZXBzM0BnbWFpbC5jb20iLCJwYXNzd29yZCI6ImphcyIsImNyZWF0ZWRfYXQiOiIyMDE3LTEyLTI5VDA1OjE3OjEyLjAwMFoiLCJ1cGRhdGVkX2F0IjoiMjAxNy0xMi0yOVQwNToxNzoxMi4wMDBaIiwicm9sZSI6MX0sImlhdCI6MTUxODI2MTg3MiwiZXhwIjoxNTIzNDQ1ODcyfQ.h2mhQ-2Mi1-SmS6XXP1ywHsd0owEQR6Vbx576i7GLrw','2018-02-10 16:54:33.000',1,'2018-02-10 16:56:28.000');
INSERT INTO `LOGIN_SESSION_HIS` (`session_id`,`token`,`start_time`,`user_id`,`end_time`) VALUES (22,'eyJhbGciOiJIUzI1NiIsInR5cCI6IkpXVCJ9.eyJhZG1pbiI6eyJpZCI6NiwibmFtZSI6Ikphc2thcm4gIiwiZW1haWwiOiI5NTkyMDAzMDU5QHN1cy5jb20iLCJwYXNzd29yZCI6Imphc3MiLCJjcmVhdGVkX2F0IjoiMjAxOC0wMS0zMFQxMTozNzowMC4wMDBaIiwidXBkYXRlZF9hdCI6IjIwMTgtMDEtMzBUMTE6Mzc6MDAuMDAwWiIsInJvbGUiOjF9LCJpYXQiOjE1MTgxODk3MjQsImV4cCI6MTUyMzM3MzcyNH0.pE3aQudEq1UxjQzBBib3s2_i_Mpncwi9qUdnRgWj-zQ','2018-02-09 20:52:05.000',6,'2018-02-10 21:17:22.000');
INSERT INTO `LOGIN_SESSION_HIS` (`session_id`,`token`,`start_time`,`user_id`,`end_time`) VALUES (25,'eyJhbGciOiJIUzI1NiIsInR5cCI6IkpXVCJ9.eyJhZG1pbiI6eyJpZCI6NiwibmFtZSI6Ikphc2thcm4gIiwiZW1haWwiOiI5NTkyMDAzMDU5QHN1cy5jb20iLCJwYXNzd29yZCI6Imphc3MiLCJjcmVhdGVkX2F0IjoiMjAxOC0wMS0zMFQxMTozNzowMC4wMDBaIiwidXBkYXRlZF9hdCI6IjIwMTgtMDEtMzBUMTE6Mzc6MDAuMDAwWiIsInJvbGUiOjF9LCJpYXQiOjE1MTgyNzc2NDEsImV4cCI6MTUyMzQ2MTY0MX0.eLesCUKY-waonqxkjSoj7qkSJxznNM6zLxbmTcrKn1o','2018-02-10 21:17:22.000',6,'2018-02-11 08:43:52.000');
INSERT INTO `LOGIN_SESSION_HIS` (`session_id`,`token`,`start_time`,`user_id`,`end_time`) VALUES (24,'eyJhbGciOiJIUzI1NiIsInR5cCI6IkpXVCJ9.eyJhZG1pbiI6eyJpZCI6MSwibmFtZSI6InJhdmRlZXAiLCJlbWFpbCI6InJhdmRlZXBzM0BnbWFpbC5jb20iLCJwYXNzd29yZCI6ImphcyIsImNyZWF0ZWRfYXQiOiIyMDE3LTEyLTI5VDA1OjE3OjEyLjAwMFoiLCJ1cGRhdGVkX2F0IjoiMjAxNy0xMi0yOVQwNToxNzoxMi4wMDBaIiwicm9sZSI6MX0sImlhdCI6MTUxODI2MTg3MiwiZXhwIjoxNTIzNDQ1ODcyfQ.h2mhQ-2Mi1-SmS6XXP1ywHsd0owEQR6Vbx576i7GLrw','2018-02-10 16:56:28.000',1,'2018-02-11 14:37:02.000');
INSERT INTO `LOGIN_SESSION_HIS` (`session_id`,`token`,`start_time`,`user_id`,`end_time`) VALUES (27,'eyJhbGciOiJIUzI1NiIsInR5cCI6IkpXVCJ9.eyJhZG1pbiI6eyJpZCI6MSwibmFtZSI6InJhdmRlZXAiLCJlbWFpbCI6InJhdmRlZXBzM0BnbWFpbC5jb20iLCJwYXNzd29yZCI6ImphcyIsImNyZWF0ZWRfYXQiOiIyMDE3LTEyLTI5VDA1OjE3OjEyLjAwMFoiLCJ1cGRhdGVkX2F0IjoiMjAxNy0xMi0yOVQwNToxNzoxMi4wMDBaIiwicm9sZSI6MX0sImlhdCI6MTUxODM0MDAyMSwiZXhwIjoxNTIzNTI0MDIxfQ.SemN7gAytpNRP6l_OvzXIPPtcvnntMhAEzAz8H0Q5Rg','2018-02-11 14:37:02.000',1,'2018-02-11 15:15:57.000');
INSERT INTO `LOGIN_SESSION_HIS` (`session_id`,`token`,`start_time`,`user_id`,`end_time`) VALUES (28,'eyJhbGciOiJIUzI1NiIsInR5cCI6IkpXVCJ9.eyJhZG1pbiI6eyJpZCI6MSwibmFtZSI6InJhdmRlZXAiLCJlbWFpbCI6InJhdmRlZXBzM0BnbWFpbC5jb20iLCJwYXNzd29yZCI6ImphcyIsImNyZWF0ZWRfYXQiOiIyMDE3LTEyLTI5VDA1OjE3OjEyLjAwMFoiLCJ1cGRhdGVkX2F0IjoiMjAxNy0xMi0yOVQwNToxNzoxMi4wMDBaIiwicm9sZSI6MX0sImlhdCI6MTUxODM0MjM1NywiZXhwIjoxNTIzNTI2MzU3fQ.NX5rs0qY34H-SmVYE9edpI_kI6-DS126Ok1h-HhhNlw','2018-02-11 15:15:57.000',1,'2018-02-11 16:08:12.000');
INSERT INTO `LOGIN_SESSION_HIS` (`session_id`,`token`,`start_time`,`user_id`,`end_time`) VALUES (29,'eyJhbGciOiJIUzI1NiIsInR5cCI6IkpXVCJ9.eyJhZG1pbiI6eyJpZCI6MSwibmFtZSI6InJhdmRlZXAiLCJlbWFpbCI6InJhdmRlZXBzM0BnbWFpbC5jb20iLCJwYXNzd29yZCI6ImphcyIsImNyZWF0ZWRfYXQiOiIyMDE3LTEyLTI5VDA1OjE3OjEyLjAwMFoiLCJ1cGRhdGVkX2F0IjoiMjAxNy0xMi0yOVQwNToxNzoxMi4wMDBaIiwicm9sZSI6MX0sImlhdCI6MTUxODM0NTQ5MiwiZXhwIjoxNTIzNTI5NDkyfQ.GoBJ2Tq8O5hWBxyqGxBj0f2iRSBNtZyRRSIdiqhpTvo','2018-02-11 16:08:12.000',1,'2018-02-11 16:23:41.000');
INSERT INTO `LOGIN_SESSION_HIS` (`session_id`,`token`,`start_time`,`user_id`,`end_time`) VALUES (30,'eyJhbGciOiJIUzI1NiIsInR5cCI6IkpXVCJ9.eyJhZG1pbiI6eyJpZCI6MSwibmFtZSI6InJhdmRlZXAiLCJlbWFpbCI6InJhdmRlZXBzM0BnbWFpbC5jb20iLCJwYXNzd29yZCI6ImphcyIsImNyZWF0ZWRfYXQiOiIyMDE3LTEyLTI5VDA1OjE3OjEyLjAwMFoiLCJ1cGRhdGVkX2F0IjoiMjAxNy0xMi0yOVQwNToxNzoxMi4wMDBaIiwicm9sZSI6MX0sImlhdCI6MTUxODM0NjQyMSwiZXhwIjoxNTIzNTMwNDIxfQ.e9SllaoJq2cG9X6JnWCo3URbSD0j2kUleDwrwWWtu5o','2018-02-11 16:23:41.000',1,'2018-02-12 02:47:27.000');
INSERT INTO `LOGIN_SESSION_HIS` (`session_id`,`token`,`start_time`,`user_id`,`end_time`) VALUES (31,'eyJhbGciOiJIUzI1NiIsInR5cCI6IkpXVCJ9.eyJhZG1pbiI6eyJpZCI6MSwibmFtZSI6InJhdmRlZXAiLCJlbWFpbCI6InJhdmRlZXBzM0BnbWFpbC5jb20iLCJwYXNzd29yZCI6ImphcyIsImNyZWF0ZWRfYXQiOiIyMDE3LTEyLTI5VDA1OjE3OjEyLjAwMFoiLCJ1cGRhdGVkX2F0IjoiMjAxNy0xMi0yOVQwNToxNzoxMi4wMDBaIiwicm9sZSI6MX0sImlhdCI6MTUxODM4Mzg0NywiZXhwIjoxNTIzNTY3ODQ3fQ.g_VlHL3Ek7SDulQTdDfhdfMbLxR58waK70fL5XKHSuc','2018-02-12 02:47:27.000',1,'2018-02-12 10:48:21.000');
INSERT INTO `LOGIN_SESSION_HIS` (`session_id`,`token`,`start_time`,`user_id`,`end_time`) VALUES (32,'eyJhbGciOiJIUzI1NiIsInR5cCI6IkpXVCJ9.eyJhZG1pbiI6eyJpZCI6MSwibmFtZSI6InJhdmRlZXAiLCJlbWFpbCI6InJhdmRlZXBzM0BnbWFpbC5jb20iLCJwYXNzd29yZCI6ImphcyIsImNyZWF0ZWRfYXQiOiIyMDE3LTEyLTI5VDA1OjE3OjEyLjAwMFoiLCJ1cGRhdGVkX2F0IjoiMjAxNy0xMi0yOVQwNToxNzoxMi4wMDBaIiwicm9sZSI6MX0sImlhdCI6MTUxODQxMjcwMSwiZXhwIjoxNTIzNTk2NzAxfQ.rOMghodMvez3_29Q3zOmkKmNCpqiFjWLvtlLXDzRlHk','2018-02-12 10:48:21.000',1,'2018-02-12 16:40:00.000');
INSERT INTO `LOGIN_SESSION_HIS` (`session_id`,`token`,`start_time`,`user_id`,`end_time`) VALUES (26,'eyJhbGciOiJIUzI1NiIsInR5cCI6IkpXVCJ9.eyJhZG1pbiI6eyJpZCI6NiwibmFtZSI6Ikphc2thcm4gIiwiZW1haWwiOiI5NTkyMDAzMDU5QHN1cy5jb20iLCJwYXNzd29yZCI6Imphc3MiLCJjcmVhdGVkX2F0IjoiMjAxOC0wMS0zMFQxMTozNzowMC4wMDBaIiwidXBkYXRlZF9hdCI6IjIwMTgtMDEtMzBUMTE6Mzc6MDAuMDAwWiIsInJvbGUiOjF9LCJpYXQiOjE1MTgzMTg4MzIsImV4cCI6MTUyMzUwMjgzMn0.XYoZ8wfAk2agWYQa6c7Df_8Pu266dJMbKFuhJdV9MLk','2018-02-11 08:43:52.000',6,'2018-02-12 20:05:32.000');
INSERT INTO `LOGIN_SESSION_HIS` (`session_id`,`token`,`start_time`,`user_id`,`end_time`) VALUES (33,'eyJhbGciOiJIUzI1NiIsInR5cCI6IkpXVCJ9.eyJhZG1pbiI6eyJpZCI6MSwibmFtZSI6InJhdmRlZXAiLCJlbWFpbCI6InJhdmRlZXBzM0BnbWFpbC5jb20iLCJwYXNzd29yZCI6ImphcyIsImNyZWF0ZWRfYXQiOiIyMDE3LTEyLTI5VDA1OjE3OjEyLjAwMFoiLCJ1cGRhdGVkX2F0IjoiMjAxNy0xMi0yOVQwNToxNzoxMi4wMDBaIiwicm9sZSI6MX0sImlhdCI6MTUxODQzMzc5OSwiZXhwIjoxNTIzNjE3Nzk5fQ.yRy2YW6JSlNOy6r9hYeltDplQhTK4Akzm309cxudadI','2018-02-12 16:40:00.000',1,'2018-02-13 01:26:00.000');
INSERT INTO `LOGIN_SESSION_HIS` (`session_id`,`token`,`start_time`,`user_id`,`end_time`) VALUES (35,'eyJhbGciOiJIUzI1NiIsInR5cCI6IkpXVCJ9.eyJhZG1pbiI6eyJpZCI6MSwibmFtZSI6InJhdmRlZXAiLCJlbWFpbCI6InJhdmRlZXBzM0BnbWFpbC5jb20iLCJwYXNzd29yZCI6ImphcyIsImNyZWF0ZWRfYXQiOiIyMDE3LTEyLTI5VDA1OjE3OjEyLjAwMFoiLCJ1cGRhdGVkX2F0IjoiMjAxNy0xMi0yOVQwNToxNzoxMi4wMDBaIiwicm9sZSI6MX0sImlhdCI6MTUxODQ2NTM2MCwiZXhwIjoxNTIzNjQ5MzYwfQ.7uAuq-nOG4g1XgXD7dR7djJl758gEHvjL7U-5txe2tw','2018-02-13 01:26:00.000',1,'2018-02-13 02:20:48.000');
INSERT INTO `LOGIN_SESSION_HIS` (`session_id`,`token`,`start_time`,`user_id`,`end_time`) VALUES (36,'eyJhbGciOiJIUzI1NiIsInR5cCI6IkpXVCJ9.eyJhZG1pbiI6eyJpZCI6MSwibmFtZSI6InJhdmRlZXAiLCJlbWFpbCI6InJhdmRlZXBzM0BnbWFpbC5jb20iLCJwYXNzd29yZCI6ImphcyIsImNyZWF0ZWRfYXQiOiIyMDE3LTEyLTI5VDA1OjE3OjEyLjAwMFoiLCJ1cGRhdGVkX2F0IjoiMjAxNy0xMi0yOVQwNToxNzoxMi4wMDBaIiwicm9sZSI6MX0sImlhdCI6MTUxODQ2ODY0NywiZXhwIjoxNTIzNjUyNjQ3fQ.GqvcTAHVL36MYXIolJpF9mpIRJazOVblFIWQlqvckU0','2018-02-13 02:20:48.000',1,'2018-02-13 02:35:36.000');
INSERT INTO `LOGIN_SESSION_HIS` (`session_id`,`token`,`start_time`,`user_id`,`end_time`) VALUES (37,'eyJhbGciOiJIUzI1NiIsInR5cCI6IkpXVCJ9.eyJhZG1pbiI6eyJpZCI6MSwibmFtZSI6InJhdmRlZXAiLCJlbWFpbCI6InJhdmRlZXBzM0BnbWFpbC5jb20iLCJwYXNzd29yZCI6ImphcyIsImNyZWF0ZWRfYXQiOiIyMDE3LTEyLTI5VDA1OjE3OjEyLjAwMFoiLCJ1cGRhdGVkX2F0IjoiMjAxNy0xMi0yOVQwNToxNzoxMi4wMDBaIiwicm9sZSI6MX0sImlhdCI6MTUxODQ2ODY0NywiZXhwIjoxNTIzNjUyNjQ3fQ.GqvcTAHVL36MYXIolJpF9mpIRJazOVblFIWQlqvckU0','2018-02-13 02:35:36.000',1,'2018-02-13 02:36:14.000');
INSERT INTO `LOGIN_SESSION_HIS` (`session_id`,`token`,`start_time`,`user_id`,`end_time`) VALUES (34,'eyJhbGciOiJIUzI1NiIsInR5cCI6IkpXVCJ9.eyJhZG1pbiI6eyJpZCI6NiwibmFtZSI6Ikphc2thcm4gIiwiZW1haWwiOiI5NTkyMDAzMDU5QHN1cy5jb20iLCJwYXNzd29yZCI6Imphc3MiLCJjcmVhdGVkX2F0IjoiMjAxOC0wMS0zMFQxMTozNzowMC4wMDBaIiwidXBkYXRlZF9hdCI6IjIwMTgtMDEtMzBUMTE6Mzc6MDAuMDAwWiIsInJvbGUiOjF9LCJpYXQiOjE1MTg0NDYxMzIsImV4cCI6MTUyMzYzMDEzMn0.JqtNA817m62-SVgOybN50htsPqwuG1F8MSel6w9-epY','2018-02-12 20:05:32.000',6,'2018-02-13 11:08:56.000');
INSERT INTO `LOGIN_SESSION_HIS` (`session_id`,`token`,`start_time`,`user_id`,`end_time`) VALUES (39,'eyJhbGciOiJIUzI1NiIsInR5cCI6IkpXVCJ9.eyJhZG1pbiI6eyJpZCI6NiwibmFtZSI6Ikphc2thcm4gIiwiZW1haWwiOiI5NTkyMDAzMDU5QHN1cy5jb20iLCJwYXNzd29yZCI6Imphc3MiLCJjcmVhdGVkX2F0IjoiMjAxOC0wMS0zMFQxMTozNzowMC4wMDBaIiwidXBkYXRlZF9hdCI6IjIwMTgtMDEtMzBUMTE6Mzc6MDAuMDAwWiIsInJvbGUiOjF9LCJpYXQiOjE1MTg1MDAzMjcsImV4cCI6MTUyMzY4NDMyN30.cTjhvrM5iQgtWQy7LDOTlsvpaOOzSVeaxG2_Zp-SM6Q','2018-02-13 11:08:56.000',6,'2018-02-13 11:30:38.000');
INSERT INTO `LOGIN_SESSION_HIS` (`session_id`,`token`,`start_time`,`user_id`,`end_time`) VALUES (38,'eyJhbGciOiJIUzI1NiIsInR5cCI6IkpXVCJ9.eyJhZG1pbiI6eyJpZCI6MSwibmFtZSI6InJhdmRlZXAiLCJlbWFpbCI6InJhdmRlZXBzM0BnbWFpbC5jb20iLCJwYXNzd29yZCI6ImphcyIsImNyZWF0ZWRfYXQiOiIyMDE3LTEyLTI5VDA1OjE3OjEyLjAwMFoiLCJ1cGRhdGVkX2F0IjoiMjAxNy0xMi0yOVQwNToxNzoxMi4wMDBaIiwicm9sZSI6MX0sImlhdCI6MTUxODQ2OTU3MywiZXhwIjoxNTIzNjUzNTczfQ.a_qMmaXB2v2IC-UX3J7LDPZgrqdHKQUSQtozC35L9nw','2018-02-13 02:36:14.000',1,'2018-02-13 20:44:05.000');
INSERT INTO `LOGIN_SESSION_HIS` (`session_id`,`token`,`start_time`,`user_id`,`end_time`) VALUES (40,'eyJhbGciOiJIUzI1NiIsInR5cCI6IkpXVCJ9.eyJhZG1pbiI6eyJpZCI6NiwibmFtZSI6Ikphc2thcm4gIiwiZW1haWwiOiI5NTkyMDAzMDU5QHN1cy5jb20iLCJwYXNzd29yZCI6Imphc3MiLCJjcmVhdGVkX2F0IjoiMjAxOC0wMS0zMFQxMTozNzowMC4wMDBaIiwidXBkYXRlZF9hdCI6IjIwMTgtMDEtMzBUMTE6Mzc6MDAuMDAwWiIsInJvbGUiOjF9LCJpYXQiOjE1MTg1MDE2MzcsImV4cCI6MTUyMzY4NTYzN30.wHXEpLR5C9PTZSdGcNG8w_mEv2lbt1yqMxAukyqgMzY','2018-02-13 11:30:38.000',6,'2018-02-13 21:24:54.000');
INSERT INTO `LOGIN_SESSION_HIS` (`session_id`,`token`,`start_time`,`user_id`,`end_time`) VALUES (42,'eyJhbGciOiJIUzI1NiIsInR5cCI6IkpXVCJ9.eyJhZG1pbiI6eyJpZCI6NiwibmFtZSI6Ikphc2thcm4gIiwiZW1haWwiOiI5NTkyMDAzMDU5QHN1cy5jb20iLCJwYXNzd29yZCI6Imphc3MiLCJjcmVhdGVkX2F0IjoiMjAxOC0wMS0zMFQxMTozNzowMC4wMDBaIiwidXBkYXRlZF9hdCI6IjIwMTgtMDEtMzBUMTE6Mzc6MDAuMDAwWiIsInJvbGUiOjF9LCJpYXQiOjE1MTg1MzcyOTMsImV4cCI6MTUyMzcyMTI5M30.yJgCUUDlC5AADZTyaevju79ZlF-KvxJD8lYAfkX56B4','2018-02-13 21:24:54.000',6,'2018-02-13 21:24:57.000');
INSERT INTO `LOGIN_SESSION_HIS` (`session_id`,`token`,`start_time`,`user_id`,`end_time`) VALUES (41,'eyJhbGciOiJIUzI1NiIsInR5cCI6IkpXVCJ9.eyJhZG1pbiI6eyJpZCI6MSwibmFtZSI6InJhdmRlZXAiLCJlbWFpbCI6InJhdmRlZXBzM0BnbWFpbC5jb20iLCJwYXNzd29yZCI6ImphcyIsImNyZWF0ZWRfYXQiOiIyMDE3LTEyLTI5VDA1OjE3OjEyLjAwMFoiLCJ1cGRhdGVkX2F0IjoiMjAxNy0xMi0yOVQwNToxNzoxMi4wMDBaIiwicm9sZSI6MX0sImlhdCI6MTUxODUzNDg0NCwiZXhwIjoxNTIzNzE4ODQ0fQ.GEFPf6yBR_R5egNUQL7pbh6tt0_nbbExXRTY6ILqHI4','2018-02-13 20:44:05.000',1,'2018-02-14 00:51:29.000');
INSERT INTO `LOGIN_SESSION_HIS` (`session_id`,`token`,`start_time`,`user_id`,`end_time`) VALUES (44,'eyJhbGciOiJIUzI1NiIsInR5cCI6IkpXVCJ9.eyJhZG1pbiI6eyJpZCI6MSwibmFtZSI6InJhdmRlZXAiLCJlbWFpbCI6InJhdmRlZXBzM0BnbWFpbC5jb20iLCJwYXNzd29yZCI6ImphcyIsImNyZWF0ZWRfYXQiOiIyMDE3LTEyLTI5VDA1OjE3OjEyLjAwMFoiLCJ1cGRhdGVkX2F0IjoiMjAxNy0xMi0yOVQwNToxNzoxMi4wMDBaIiwicm9sZSI6MX0sImlhdCI6MTUxODU0OTY4OSwiZXhwIjoxNTIzNzMzNjg5fQ.THiIiAUd0mT3V7bpNoum3u-bSc-G-nFZbtNAmdUPG3U','2018-02-14 00:51:29.000',1,'2018-02-14 02:35:52.000');
INSERT INTO `LOGIN_SESSION_HIS` (`session_id`,`token`,`start_time`,`user_id`,`end_time`) VALUES (45,'eyJhbGciOiJIUzI1NiIsInR5cCI6IkpXVCJ9.eyJhZG1pbiI6eyJpZCI6MSwibmFtZSI6InJhdmRlZXAiLCJlbWFpbCI6InJhdmRlZXBzM0BnbWFpbC5jb20iLCJwYXNzd29yZCI6ImphcyIsImNyZWF0ZWRfYXQiOiIyMDE3LTEyLTI5VDA1OjE3OjEyLjAwMFoiLCJ1cGRhdGVkX2F0IjoiMjAxNy0xMi0yOVQwNToxNzoxMi4wMDBaIiwicm9sZSI6MX0sImlhdCI6MTUxODU1NTk1MiwiZXhwIjoxNTIzNzM5OTUyfQ.fpsxHsGZ2elBruKQ6uQGy7srpZ_f_i9QMHQXoaZmim4','2018-02-14 02:35:52.000',1,'2018-02-15 01:48:21.000');
INSERT INTO `LOGIN_SESSION_HIS` (`session_id`,`token`,`start_time`,`user_id`,`end_time`) VALUES (46,'eyJhbGciOiJIUzI1NiIsInR5cCI6IkpXVCJ9.eyJhZG1pbiI6eyJpZCI6MSwibmFtZSI6InJhdmRlZXAiLCJlbWFpbCI6InJhdmRlZXBzM0BnbWFpbC5jb20iLCJwYXNzd29yZCI6ImphcyIsImNyZWF0ZWRfYXQiOiIyMDE3LTEyLTI5VDA1OjE3OjEyLjAwMFoiLCJ1cGRhdGVkX2F0IjoiMjAxNy0xMi0yOVQwNToxNzoxMi4wMDBaIiwicm9sZSI6MX0sImlhdCI6MTUxODYzOTUwMSwiZXhwIjoxNTIzODIzNTAxfQ.zX3p7tXWwpC9txPFmYXEytCQHRV2m3_RcAyQtQ4cQtA','2018-02-15 01:48:21.000',1,'2018-02-16 00:16:25.000');
INSERT INTO `LOGIN_SESSION_HIS` (`session_id`,`token`,`start_time`,`user_id`,`end_time`) VALUES (47,'eyJhbGciOiJIUzI1NiIsInR5cCI6IkpXVCJ9.eyJhZG1pbiI6eyJpZCI6MSwibmFtZSI6InJhdmRlZXAiLCJlbWFpbCI6InJhdmRlZXBzM0BnbWFpbC5jb20iLCJwYXNzd29yZCI6ImphcyIsImNyZWF0ZWRfYXQiOiIyMDE3LTEyLTI5VDA1OjE3OjEyLjAwMFoiLCJ1cGRhdGVkX2F0IjoiMjAxNy0xMi0yOVQwNToxNzoxMi4wMDBaIiwicm9sZSI6MX0sImlhdCI6MTUxODcyMDM4NSwiZXhwIjoxNTIzOTA0Mzg1fQ.3VyGsP5RrILegqC1vQUsasnd--oILuyJokp8236KKV0','2018-02-16 00:16:25.000',1,'2018-02-16 00:34:50.000');
INSERT INTO `LOGIN_SESSION_HIS` (`session_id`,`token`,`start_time`,`user_id`,`end_time`) VALUES (48,'eyJhbGciOiJIUzI1NiIsInR5cCI6IkpXVCJ9.eyJhZG1pbiI6eyJpZCI6MSwibmFtZSI6InJhdmRlZXAiLCJlbWFpbCI6InJhdmRlZXBzM0BnbWFpbC5jb20iLCJwYXNzd29yZCI6ImphcyIsImNyZWF0ZWRfYXQiOiIyMDE3LTEyLTI5VDA1OjE3OjEyLjAwMFoiLCJ1cGRhdGVkX2F0IjoiMjAxNy0xMi0yOVQwNToxNzoxMi4wMDBaIiwicm9sZSI6MX0sImlhdCI6MTUxODcyMTQ4OSwiZXhwIjoxNTIzOTA1NDg5fQ.EaTkYQmrUeewM67cdeekeXTdZb9wxEYSCFXa1bEAWWg','2018-02-16 00:34:50.000',1,'2018-02-16 17:45:50.000');
INSERT INTO `LOGIN_SESSION_HIS` (`session_id`,`token`,`start_time`,`user_id`,`end_time`) VALUES (49,'eyJhbGciOiJIUzI1NiIsInR5cCI6IkpXVCJ9.eyJhZG1pbiI6eyJpZCI6MSwibmFtZSI6InJhdmRlZXAiLCJlbWFpbCI6InJhdmRlZXBzM0BnbWFpbC5jb20iLCJwYXNzd29yZCI6ImphcyIsImNyZWF0ZWRfYXQiOiIyMDE3LTEyLTI5VDA1OjE3OjEyLjAwMFoiLCJ1cGRhdGVkX2F0IjoiMjAxNy0xMi0yOVQwNToxNzoxMi4wMDBaIiwicm9sZSI6MX0sImlhdCI6MTUxODc4MzM0OSwiZXhwIjoxNTIzOTY3MzQ5fQ.Tbd3u7A21u3ClsIksziSpDoxPFzNxE8le-dhZRcOD28','2018-02-16 17:45:50.000',1,'2018-02-17 12:15:53.000');
INSERT INTO `LOGIN_SESSION_HIS` (`session_id`,`token`,`start_time`,`user_id`,`end_time`) VALUES (50,'eyJhbGciOiJIUzI1NiIsInR5cCI6IkpXVCJ9.eyJhZG1pbiI6eyJpZCI6MSwibmFtZSI6InJhdmRlZXAiLCJlbWFpbCI6InJhdmRlZXBzM0BnbWFpbC5jb20iLCJwYXNzd29yZCI6ImphcyIsImNyZWF0ZWRfYXQiOiIyMDE3LTEyLTI5VDA1OjE3OjEyLjAwMFoiLCJ1cGRhdGVkX2F0IjoiMjAxNy0xMi0yOVQwNToxNzoxMi4wMDBaIiwicm9sZSI6MX0sImlhdCI6MTUxODg0OTk1MiwiZXhwIjoxNTI0MDMzOTUyfQ.psg33mw3rkaanHeSPm2LzxIQ4rI0bKijBYFcuR2PZ78','2018-02-17 12:15:53.000',1,'2018-02-17 12:31:49.000');
INSERT INTO `LOGIN_SESSION_HIS` (`session_id`,`token`,`start_time`,`user_id`,`end_time`) VALUES (43,'eyJhbGciOiJIUzI1NiIsInR5cCI6IkpXVCJ9.eyJhZG1pbiI6eyJpZCI6NiwibmFtZSI6Ikphc2thcm4gIiwiZW1haWwiOiI5NTkyMDAzMDU5QHN1cy5jb20iLCJwYXNzd29yZCI6Imphc3MiLCJjcmVhdGVkX2F0IjoiMjAxOC0wMS0zMFQxMTozNzowMC4wMDBaIiwidXBkYXRlZF9hdCI6IjIwMTgtMDEtMzBUMTE6Mzc6MDAuMDAwWiIsInJvbGUiOjF9LCJpYXQiOjE1MTg1MzcyOTMsImV4cCI6MTUyMzcyMTI5M30.yJgCUUDlC5AADZTyaevju79ZlF-KvxJD8lYAfkX56B4','2018-02-13 21:24:57.000',6,'2018-02-17 14:53:01.000');
INSERT INTO `LOGIN_SESSION_HIS` (`session_id`,`token`,`start_time`,`user_id`,`end_time`) VALUES (51,'eyJhbGciOiJIUzI1NiIsInR5cCI6IkpXVCJ9.eyJhZG1pbiI6eyJpZCI6MSwibmFtZSI6InJhdmRlZXAiLCJlbWFpbCI6InJhdmRlZXBzM0BnbWFpbC5jb20iLCJwYXNzd29yZCI6ImphcyIsImNyZWF0ZWRfYXQiOiIyMDE3LTEyLTI5VDA1OjE3OjEyLjAwMFoiLCJ1cGRhdGVkX2F0IjoiMjAxNy0xMi0yOVQwNToxNzoxMi4wMDBaIiwicm9sZSI6MX0sImlhdCI6MTUxODg1MDkwOCwiZXhwIjoxNTI0MDM0OTA4fQ.lZymbljYA5SYKFSzcpbQ82jOCHwVDFSwqIBh7aMj688','2018-02-17 12:31:49.000',1,'2018-02-17 15:17:27.000');
INSERT INTO `LOGIN_SESSION_HIS` (`session_id`,`token`,`start_time`,`user_id`,`end_time`) VALUES (53,'eyJhbGciOiJIUzI1NiIsInR5cCI6IkpXVCJ9.eyJhZG1pbiI6eyJpZCI6MSwibmFtZSI6InJhdmRlZXAiLCJlbWFpbCI6InJhdmRlZXBzM0BnbWFpbC5jb20iLCJwYXNzd29yZCI6ImphcyIsImNyZWF0ZWRfYXQiOiIyMDE3LTEyLTI5VDA1OjE3OjEyLjAwMFoiLCJ1cGRhdGVkX2F0IjoiMjAxNy0xMi0yOVQwNToxNzoxMi4wMDBaIiwicm9sZSI6MX0sImlhdCI6MTUxODg2MDg0NSwiZXhwIjoxNTI0MDQ0ODQ1fQ.ytf_AJTnn-1eUiXG16tf47giAM2rOb-6IAwGBfNAwIE','2018-02-17 15:17:27.000',1,'2018-02-17 21:16:34.000');
INSERT INTO `LOGIN_SESSION_HIS` (`session_id`,`token`,`start_time`,`user_id`,`end_time`) VALUES (52,'eyJhbGciOiJIUzI1NiIsInR5cCI6IkpXVCJ9.eyJhZG1pbiI6eyJpZCI6NiwibmFtZSI6Ikphc2thcm4gIiwiZW1haWwiOiI5NTkyMDAzMDU5QHN1cy5jb20iLCJwYXNzd29yZCI6Imphc3MiLCJjcmVhdGVkX2F0IjoiMjAxOC0wMS0zMFQxMTozNzowMC4wMDBaIiwidXBkYXRlZF9hdCI6IjIwMTgtMDEtMzBUMTE6Mzc6MDAuMDAwWiIsInJvbGUiOjF9LCJpYXQiOjE1MTg4NTkzODAsImV4cCI6MTUyNDA0MzM4MH0.walKkZyla2jSYtV5OoNIzW6fHJqN1sVi-QMXtvCUC6U','2018-02-17 14:53:01.000',6,'2018-02-17 21:25:49.000');
INSERT INTO `LOGIN_SESSION_HIS` (`session_id`,`token`,`start_time`,`user_id`,`end_time`) VALUES (54,'eyJhbGciOiJIUzI1NiIsInR5cCI6IkpXVCJ9.eyJhZG1pbiI6eyJpZCI6MSwibmFtZSI6InJhdmRlZXAiLCJlbWFpbCI6InJhdmRlZXBzM0BnbWFpbC5jb20iLCJwYXNzd29yZCI6ImphcyIsImNyZWF0ZWRfYXQiOiIyMDE3LTEyLTI5VDA1OjE3OjEyLjAwMFoiLCJ1cGRhdGVkX2F0IjoiMjAxNy0xMi0yOVQwNToxNzoxMi4wMDBaIiwicm9sZSI6MX0sImlhdCI6MTUxODg4MjM5MywiZXhwIjoxNTI0MDY2MzkzfQ.0y0oKfd7yzHrBP6MarlAE4Xa2W70bidKuERQMelRDD4','2018-02-17 21:16:34.000',1,'2018-02-17 21:37:12.000');
INSERT INTO `LOGIN_SESSION_HIS` (`session_id`,`token`,`start_time`,`user_id`,`end_time`) VALUES (55,'eyJhbGciOiJIUzI1NiIsInR5cCI6IkpXVCJ9.eyJhZG1pbiI6eyJpZCI6NiwibmFtZSI6Ikphc2thcm4gIiwiZW1haWwiOiI5NTkyMDAzMDU5QHN1cy5jb20iLCJwYXNzd29yZCI6Imphc3MiLCJjcmVhdGVkX2F0IjoiMjAxOC0wMS0zMFQxMTozNzowMC4wMDBaIiwidXBkYXRlZF9hdCI6IjIwMTgtMDEtMzBUMTE6Mzc6MDAuMDAwWiIsInJvbGUiOjF9LCJpYXQiOjE1MTg4ODI5NDgsImV4cCI6MTUyNDA2Njk0OH0.lITm9hC8KiJ9pJtn8FB0_sbGQ3dL723nEGd9ZFySPaI','2018-02-17 21:25:49.000',6,'2018-02-17 21:42:26.000');
INSERT INTO `LOGIN_SESSION_HIS` (`session_id`,`token`,`start_time`,`user_id`,`end_time`) VALUES (57,'eyJhbGciOiJIUzI1NiIsInR5cCI6IkpXVCJ9.eyJhZG1pbiI6eyJpZCI6NiwibmFtZSI6Ikphc2thcm4gIiwiZW1haWwiOiI5NTkyMDAzMDU5QHN1cy5jb20iLCJwYXNzd29yZCI6Imphc3MiLCJjcmVhdGVkX2F0IjoiMjAxOC0wMS0zMFQxMTozNzowMC4wMDBaIiwidXBkYXRlZF9hdCI6IjIwMTgtMDEtMzBUMTE6Mzc6MDAuMDAwWiIsInJvbGUiOjF9LCJpYXQiOjE1MTg4ODM5NDUsImV4cCI6MTUyNDA2Nzk0NX0.giXhHXxGDeKvllA79I1t11f1ZIXPJhLk0d0PuEWjdZk','2018-02-17 21:42:26.000',6,'2018-02-17 21:58:54.000');
INSERT INTO `LOGIN_SESSION_HIS` (`session_id`,`token`,`start_time`,`user_id`,`end_time`) VALUES (56,'eyJhbGciOiJIUzI1NiIsInR5cCI6IkpXVCJ9.eyJhZG1pbiI6eyJpZCI6MSwibmFtZSI6InJhdmRlZXAiLCJlbWFpbCI6InJhdmRlZXBzM0BnbWFpbC5jb20iLCJwYXNzd29yZCI6ImphcyIsImNyZWF0ZWRfYXQiOiIyMDE3LTEyLTI5VDA1OjE3OjEyLjAwMFoiLCJ1cGRhdGVkX2F0IjoiMjAxNy0xMi0yOVQwNToxNzoxMi4wMDBaIiwicm9sZSI6MX0sImlhdCI6MTUxODg4MzYzMiwiZXhwIjoxNTI0MDY3NjMyfQ.6EBs35hQNdj28TviDBUAFuBh90am-5FZwTn5MPUd5Wc','2018-02-17 21:37:12.000',1,'2018-02-17 22:00:06.000');
INSERT INTO `LOGIN_SESSION_HIS` (`session_id`,`token`,`start_time`,`user_id`,`end_time`) VALUES (58,'eyJhbGciOiJIUzI1NiIsInR5cCI6IkpXVCJ9.eyJhZG1pbiI6eyJpZCI6NiwibmFtZSI6Ikphc2thcm4gIiwiZW1haWwiOiI5NTkyMDAzMDU5QHN1cy5jb20iLCJwYXNzd29yZCI6Imphc3MiLCJjcmVhdGVkX2F0IjoiMjAxOC0wMS0zMFQxMTozNzowMC4wMDBaIiwidXBkYXRlZF9hdCI6IjIwMTgtMDEtMzBUMTE6Mzc6MDAuMDAwWiIsInJvbGUiOjF9LCJpYXQiOjE1MTg4ODQ5MzMsImV4cCI6MTUyNDA2ODkzM30.aeT5TNfOwalROi9eiYbqLuF1Po5sDQ9qHYuajxTLmp8','2018-02-17 21:58:54.000',6,'2018-02-18 08:59:42.000');
INSERT INTO `LOGIN_SESSION_HIS` (`session_id`,`token`,`start_time`,`user_id`,`end_time`) VALUES (59,'eyJhbGciOiJIUzI1NiIsInR5cCI6IkpXVCJ9.eyJhZG1pbiI6eyJpZCI6MSwibmFtZSI6InJhdmRlZXAiLCJlbWFpbCI6InJhdmRlZXBzM0BnbWFpbC5jb20iLCJwYXNzd29yZCI6ImphcyIsImNyZWF0ZWRfYXQiOiIyMDE3LTEyLTI5VDA1OjE3OjEyLjAwMFoiLCJ1cGRhdGVkX2F0IjoiMjAxNy0xMi0yOVQwNToxNzoxMi4wMDBaIiwicm9sZSI6MX0sImlhdCI6MTUxODg4NTAwNSwiZXhwIjoxNTI0MDY5MDA1fQ.dYo1huYeIEUwcwch2WIBORqK9Rm8XHHHnAFBxRFDNgY','2018-02-17 22:00:06.000',1,'2018-02-18 12:26:43.000');
INSERT INTO `LOGIN_SESSION_HIS` (`session_id`,`token`,`start_time`,`user_id`,`end_time`) VALUES (60,'eyJhbGciOiJIUzI1NiIsInR5cCI6IkpXVCJ9.eyJhZG1pbiI6eyJpZCI6NiwibmFtZSI6Ikphc2thcm4gIiwiZW1haWwiOiI5NTkyMDAzMDU5QHN1cy5jb20iLCJwYXNzd29yZCI6Imphc3MiLCJjcmVhdGVkX2F0IjoiMjAxOC0wMS0zMFQxMTozNzowMC4wMDBaIiwidXBkYXRlZF9hdCI6IjIwMTgtMDEtMzBUMTE6Mzc6MDAuMDAwWiIsInJvbGUiOjF9LCJpYXQiOjE1MTg5MjQ1ODIsImV4cCI6MTUyNDEwODU4Mn0.B8HOtxEoAc5hpWOufBnRjSOpof3CsEcb_N9e6eNrKfI','2018-02-18 08:59:42.000',6,'2018-02-18 22:08:51.000');
INSERT INTO `LOGIN_SESSION_HIS` (`session_id`,`token`,`start_time`,`user_id`,`end_time`) VALUES (61,'eyJhbGciOiJIUzI1NiIsInR5cCI6IkpXVCJ9.eyJhZG1pbiI6eyJpZCI6MSwibmFtZSI6InJhdmRlZXAiLCJlbWFpbCI6InJhdmRlZXBzM0BnbWFpbC5jb20iLCJwYXNzd29yZCI6ImphcyIsImNyZWF0ZWRfYXQiOiIyMDE3LTEyLTI5VDA1OjE3OjEyLjAwMFoiLCJ1cGRhdGVkX2F0IjoiMjAxNy0xMi0yOVQwNToxNzoxMi4wMDBaIiwicm9sZSI6MX0sImlhdCI6MTUxODkzNzAwMiwiZXhwIjoxNTI0MTIxMDAyfQ.wuSNUwVu9ELQ6rt_FPwvRoShpRqNzi6CxxZQGBW1Rog','2018-02-18 12:26:43.000',1,'2018-02-18 22:19:46.000');
INSERT INTO `LOGIN_SESSION_HIS` (`session_id`,`token`,`start_time`,`user_id`,`end_time`) VALUES (62,'eyJhbGciOiJIUzI1NiIsInR5cCI6IkpXVCJ9.eyJhZG1pbiI6eyJpZCI6NiwibmFtZSI6Ikphc2thcm4gIiwiZW1haWwiOiI5NTkyMDAzMDU5QHN1cy5jb20iLCJwYXNzd29yZCI6Imphc3MiLCJjcmVhdGVkX2F0IjoiMjAxOC0wMS0zMFQxMTozNzowMC4wMDBaIiwidXBkYXRlZF9hdCI6IjIwMTgtMDEtMzBUMTE6Mzc6MDAuMDAwWiIsInJvbGUiOjF9LCJpYXQiOjE1MTg5NzE5MzEsImV4cCI6MTUyNDE1NTkzMX0.dHb60b_lolHC6wXAvyUzLhDSDvPkl9myig3Xw3PORPU','2018-02-18 22:08:51.000',6,'2018-02-18 22:29:06.000');
INSERT INTO `LOGIN_SESSION_HIS` (`session_id`,`token`,`start_time`,`user_id`,`end_time`) VALUES (63,'eyJhbGciOiJIUzI1NiIsInR5cCI6IkpXVCJ9.eyJhZG1pbiI6eyJpZCI6MSwibmFtZSI6InJhdmRlZXAiLCJlbWFpbCI6InJhdmRlZXBzM0BnbWFpbC5jb20iLCJwYXNzd29yZCI6ImphcyIsImNyZWF0ZWRfYXQiOiIyMDE3LTEyLTI5VDA1OjE3OjEyLjAwMFoiLCJ1cGRhdGVkX2F0IjoiMjAxNy0xMi0yOVQwNToxNzoxMi4wMDBaIiwicm9sZSI6MX0sImlhdCI6MTUxODk3MjU4NSwiZXhwIjoxNTI0MTU2NTg1fQ.wo1vGCU6qxLd1bUqYxY-FOHIx_tdNstrHQm60echWtI','2018-02-18 22:19:46.000',1,'2018-02-18 22:50:15.000');
INSERT INTO `LOGIN_SESSION_HIS` (`session_id`,`token`,`start_time`,`user_id`,`end_time`) VALUES (65,'eyJhbGciOiJIUzI1NiIsInR5cCI6IkpXVCJ9.eyJhZG1pbiI6eyJpZCI6MSwibmFtZSI6InJhdmRlZXAiLCJlbWFpbCI6InJhdmRlZXBzM0BnbWFpbC5jb20iLCJwYXNzd29yZCI6ImphcyIsImNyZWF0ZWRfYXQiOiIyMDE3LTEyLTI4VDE4OjQ3OjEyLjAwMFoiLCJ1cGRhdGVkX2F0IjoiMjAxNy0xMi0yOFQxODo0NzoxMi4wMDBaIiwicm9sZSI6MX0sImlhdCI6MTUxODk3NDQxNSwiZXhwIjoxNTI0MTU4NDE1fQ.RFNPgcYAsXNUP023H6OUNa0Yztt6tIaZauh2GhivQSk','2018-02-18 22:50:15.000',1,'2018-02-18 23:12:54.000');
INSERT INTO `LOGIN_SESSION_HIS` (`session_id`,`token`,`start_time`,`user_id`,`end_time`) VALUES (66,'eyJhbGciOiJIUzI1NiIsInR5cCI6IkpXVCJ9.eyJhZG1pbiI6eyJpZCI6MSwibmFtZSI6InJhdmRlZXAiLCJlbWFpbCI6InJhdmRlZXBzM0BnbWFpbC5jb20iLCJwYXNzd29yZCI6ImphcyIsImNyZWF0ZWRfYXQiOiIyMDE3LTEyLTI4VDE4OjQ3OjEyLjAwMFoiLCJ1cGRhdGVkX2F0IjoiMjAxNy0xMi0yOFQxODo0NzoxMi4wMDBaIiwicm9sZSI6MX0sImlhdCI6MTUxODk3NTc3NCwiZXhwIjoxNTI0MTU5Nzc0fQ.EdHcz3ycMbt-nTzHLRoQlJDUfpgPj9eyPx7GlzuhAhg','2018-02-18 23:12:54.000',1,'2018-02-18 23:30:43.000');
INSERT INTO `LOGIN_SESSION_HIS` (`session_id`,`token`,`start_time`,`user_id`,`end_time`) VALUES (67,'eyJhbGciOiJIUzI1NiIsInR5cCI6IkpXVCJ9.eyJhZG1pbiI6eyJpZCI6MSwibmFtZSI6InJhdmRlZXAiLCJlbWFpbCI6InJhdmRlZXBzM0BnbWFpbC5jb20iLCJwYXNzd29yZCI6ImphcyIsImNyZWF0ZWRfYXQiOiIyMDE3LTEyLTI4VDE4OjQ3OjEyLjAwMFoiLCJ1cGRhdGVkX2F0IjoiMjAxNy0xMi0yOFQxODo0NzoxMi4wMDBaIiwicm9sZSI6MX0sImlhdCI6MTUxODk3Njg0MywiZXhwIjoxNTI0MTYwODQzfQ.hlI92yhNc6eCHlMx7ltP-KzJ-uqxbOVyFxX04ebSltU','2018-02-18 23:30:43.000',1,'2018-02-18 23:46:05.000');
INSERT INTO `LOGIN_SESSION_HIS` (`session_id`,`token`,`start_time`,`user_id`,`end_time`) VALUES (68,'eyJhbGciOiJIUzI1NiIsInR5cCI6IkpXVCJ9.eyJhZG1pbiI6eyJpZCI6MSwibmFtZSI6InJhdmRlZXAiLCJlbWFpbCI6InJhdmRlZXBzM0BnbWFpbC5jb20iLCJwYXNzd29yZCI6ImphcyIsImNyZWF0ZWRfYXQiOiIyMDE3LTEyLTI4VDE4OjQ3OjEyLjAwMFoiLCJ1cGRhdGVkX2F0IjoiMjAxNy0xMi0yOFQxODo0NzoxMi4wMDBaIiwicm9sZSI6MX0sImlhdCI6MTUxODk3Nzc2NSwiZXhwIjoxNTI0MTYxNzY1fQ.H9KIsdZ42QsP11sN8ePYG6k5A5i9m3Ra0u5kb6LDGKQ','2018-02-18 23:46:05.000',1,'2018-02-19 11:25:56.000');
INSERT INTO `LOGIN_SESSION_HIS` (`session_id`,`token`,`start_time`,`user_id`,`end_time`) VALUES (69,'eyJhbGciOiJIUzI1NiIsInR5cCI6IkpXVCJ9.eyJhZG1pbiI6eyJpZCI6MSwibmFtZSI6InJhdmRlZXAiLCJlbWFpbCI6InJhdmRlZXBzM0BnbWFpbC5jb20iLCJwYXNzd29yZCI6ImphcyIsImNyZWF0ZWRfYXQiOiIyMDE3LTEyLTI4VDE4OjQ3OjEyLjAwMFoiLCJ1cGRhdGVkX2F0IjoiMjAxNy0xMi0yOFQxODo0NzoxMi4wMDBaIiwicm9sZSI6MX0sImlhdCI6MTUxOTAxOTc1NiwiZXhwIjoxNTI0MjAzNzU2fQ.Tx58mKazEOAwuJ3EcGI0th87E_ELwjk_8JRinAljKiU','2018-02-19 11:25:56.000',1,'2018-02-19 12:04:14.000');
INSERT INTO `LOGIN_SESSION_HIS` (`session_id`,`token`,`start_time`,`user_id`,`end_time`) VALUES (70,'eyJhbGciOiJIUzI1NiIsInR5cCI6IkpXVCJ9.eyJhZG1pbiI6eyJpZCI6MSwibmFtZSI6InJhdmRlZXAiLCJlbWFpbCI6InJhdmRlZXBzM0BnbWFpbC5jb20iLCJwYXNzd29yZCI6ImphcyIsImNyZWF0ZWRfYXQiOiIyMDE3LTEyLTI4VDE4OjQ3OjEyLjAwMFoiLCJ1cGRhdGVkX2F0IjoiMjAxNy0xMi0yOFQxODo0NzoxMi4wMDBaIiwicm9sZSI6MX0sImlhdCI6MTUxOTAyMjA1NCwiZXhwIjoxNTI0MjA2MDU0fQ.nFQnPZPVPSDwlXSJjQl6fOtpKcyrs0MIj298jptnbo8','2018-02-19 12:04:14.000',1,'2018-02-19 12:31:33.000');
INSERT INTO `LOGIN_SESSION_HIS` (`session_id`,`token`,`start_time`,`user_id`,`end_time`) VALUES (71,'eyJhbGciOiJIUzI1NiIsInR5cCI6IkpXVCJ9.eyJhZG1pbiI6eyJpZCI6MSwibmFtZSI6InJhdmRlZXAiLCJlbWFpbCI6InJhdmRlZXBzM0BnbWFpbC5jb20iLCJwYXNzd29yZCI6ImphcyIsImNyZWF0ZWRfYXQiOiIyMDE3LTEyLTI4VDE4OjQ3OjEyLjAwMFoiLCJ1cGRhdGVkX2F0IjoiMjAxNy0xMi0yOFQxODo0NzoxMi4wMDBaIiwicm9sZSI6MX0sImlhdCI6MTUxOTAyMzY5MywiZXhwIjoxNTI0MjA3NjkzfQ.XBvUkJhAL_GcCPNaRPgo30J8r87m4PJKZjZnDTc-xDE','2018-02-19 12:31:33.000',1,'2018-02-19 12:49:39.000');
INSERT INTO `LOGIN_SESSION_HIS` (`session_id`,`token`,`start_time`,`user_id`,`end_time`) VALUES (72,'eyJhbGciOiJIUzI1NiIsInR5cCI6IkpXVCJ9.eyJhZG1pbiI6eyJpZCI6MSwibmFtZSI6InJhdmRlZXAiLCJlbWFpbCI6InJhdmRlZXBzM0BnbWFpbC5jb20iLCJwYXNzd29yZCI6ImphcyIsImNyZWF0ZWRfYXQiOiIyMDE3LTEyLTI4VDE4OjQ3OjEyLjAwMFoiLCJ1cGRhdGVkX2F0IjoiMjAxNy0xMi0yOFQxODo0NzoxMi4wMDBaIiwicm9sZSI6MX0sImlhdCI6MTUxOTAyNDc3OSwiZXhwIjoxNTI0MjA4Nzc5fQ.-ekTd1Kn5_o3r7_J0n8qFlbfE8bbqUB7IVti5H2ClHQ','2018-02-19 12:49:39.000',1,'2018-02-19 13:00:13.000');
INSERT INTO `LOGIN_SESSION_HIS` (`session_id`,`token`,`start_time`,`user_id`,`end_time`) VALUES (64,'eyJhbGciOiJIUzI1NiIsInR5cCI6IkpXVCJ9.eyJhZG1pbiI6eyJpZCI6NiwibmFtZSI6Ikphc2thcm4gIiwiZW1haWwiOiI5NTkyMDAzMDU5QHN1cy5jb20iLCJwYXNzd29yZCI6Imphc3MiLCJjcmVhdGVkX2F0IjoiMjAxOC0wMS0zMFQxMTozNzowMC4wMDBaIiwidXBkYXRlZF9hdCI6IjIwMTgtMDEtMzBUMTE6Mzc6MDAuMDAwWiIsInJvbGUiOjF9LCJpYXQiOjE1MTg5NzMxNDUsImV4cCI6MTUyNDE1NzE0NX0.nqfSfq1K2w5PmFyn9E2RSO_ySrYdFqCxuPjrMel-jRE','2018-02-18 22:29:06.000',6,'2018-02-19 13:00:36.000');
INSERT INTO `LOGIN_SESSION_HIS` (`session_id`,`token`,`start_time`,`user_id`,`end_time`) VALUES (74,'eyJhbGciOiJIUzI1NiIsInR5cCI6IkpXVCJ9.eyJhZG1pbiI6eyJpZCI6MSwibmFtZSI6InJhdmRlZXAiLCJlbWFpbCI6InJhdmRlZXBzM0BnbWFpbC5jb20iLCJwYXNzd29yZCI6ImphcyIsImNyZWF0ZWRfYXQiOiIyMDE3LTEyLTI4VDE4OjQ3OjEyLjAwMFoiLCJ1cGRhdGVkX2F0IjoiMjAxNy0xMi0yOFQxODo0NzoxMi4wMDBaIiwicm9sZSI6MX0sImlhdCI6MTUxOTAyNTQxMywiZXhwIjoxNTI0MjA5NDEzfQ.Fx-kl4TN-7aUpFIg1OWBvehDNAT9Khgpfuqu0fqbCcI','2018-02-19 13:00:13.000',1,'2018-02-24 13:35:55.000');
INSERT INTO `LOGIN_SESSION_HIS` (`session_id`,`token`,`start_time`,`user_id`,`end_time`) VALUES (76,'eyJhbGciOiJIUzI1NiIsInR5cCI6IkpXVCJ9.eyJhZG1pbiI6eyJpZCI6MSwibmFtZSI6InJhdmRlZXAiLCJlbWFpbCI6InJhdmRlZXBzM0BnbWFpbC5jb20iLCJwYXNzd29yZCI6ImphcyIsImNyZWF0ZWRfYXQiOiIyMDE3LTEyLTI4VDE4OjQ3OjEyLjAwMFoiLCJ1cGRhdGVkX2F0IjoiMjAxNy0xMi0yOFQxODo0NzoxMi4wMDBaIiwicm9sZSI6MX0sImlhdCI6MTUxOTQ1OTU1NSwiZXhwIjoxNTI0NjQzNTU1fQ.gFD7E7JvtCgum0ga6ZT-F5RIThlQk8Q93_U-UUMurA4','2018-02-24 13:35:55.000',1,'2018-02-24 13:54:53.000');
INSERT INTO `LOGIN_SESSION_HIS` (`session_id`,`token`,`start_time`,`user_id`,`end_time`) VALUES (77,'eyJhbGciOiJIUzI1NiIsInR5cCI6IkpXVCJ9.eyJhZG1pbiI6eyJpZCI6MSwibmFtZSI6InJhdmRlZXAiLCJlbWFpbCI6InJhdmRlZXBzM0BnbWFpbC5jb20iLCJwYXNzd29yZCI6ImphcyIsImNyZWF0ZWRfYXQiOiIyMDE3LTEyLTI4VDE4OjQ3OjEyLjAwMFoiLCJ1cGRhdGVkX2F0IjoiMjAxNy0xMi0yOFQxODo0NzoxMi4wMDBaIiwicm9sZSI6MX0sImlhdCI6MTUxOTQ2MDY5MywiZXhwIjoxNTI0NjQ0NjkzfQ.sutV-mnUqAogTzBPSBZAMLG-Lw7RmDDzWfFQpJAq9Do','2018-02-24 13:54:53.000',1,'2018-02-24 14:11:17.000');
INSERT INTO `LOGIN_SESSION_HIS` (`session_id`,`token`,`start_time`,`user_id`,`end_time`) VALUES (78,'eyJhbGciOiJIUzI1NiIsInR5cCI6IkpXVCJ9.eyJhZG1pbiI6eyJpZCI6MSwibmFtZSI6InJhdmRlZXAiLCJlbWFpbCI6InJhdmRlZXBzM0BnbWFpbC5jb20iLCJwYXNzd29yZCI6ImphcyIsImNyZWF0ZWRfYXQiOiIyMDE3LTEyLTI4VDE4OjQ3OjEyLjAwMFoiLCJ1cGRhdGVkX2F0IjoiMjAxNy0xMi0yOFQxODo0NzoxMi4wMDBaIiwicm9sZSI6MX0sImlhdCI6MTUxOTQ2MTY3NywiZXhwIjoxNTI0NjQ1Njc3fQ.yB7mQQAFWF2MxWHIqzdWXXBlrtQHDzREunejSsL5Kq0','2018-02-24 14:11:17.000',1,'2018-02-24 14:28:25.000');
INSERT INTO `LOGIN_SESSION_HIS` (`session_id`,`token`,`start_time`,`user_id`,`end_time`) VALUES (79,'eyJhbGciOiJIUzI1NiIsInR5cCI6IkpXVCJ9.eyJhZG1pbiI6eyJpZCI6MSwibmFtZSI6InJhdmRlZXAiLCJlbWFpbCI6InJhdmRlZXBzM0BnbWFpbC5jb20iLCJwYXNzd29yZCI6ImphcyIsImNyZWF0ZWRfYXQiOiIyMDE3LTEyLTI4VDE4OjQ3OjEyLjAwMFoiLCJ1cGRhdGVkX2F0IjoiMjAxNy0xMi0yOFQxODo0NzoxMi4wMDBaIiwicm9sZSI6MX0sImlhdCI6MTUxOTQ2MjcwNSwiZXhwIjoxNTI0NjQ2NzA1fQ.Zwruc3LCgHZgqkKVP_waO90rL5oY6_mfkBfBh29FCWk','2018-02-24 14:28:25.000',1,'2018-02-24 14:49:41.000');
INSERT INTO `LOGIN_SESSION_HIS` (`session_id`,`token`,`start_time`,`user_id`,`end_time`) VALUES (80,'eyJhbGciOiJIUzI1NiIsInR5cCI6IkpXVCJ9.eyJhZG1pbiI6eyJpZCI6MSwibmFtZSI6InJhdmRlZXAiLCJlbWFpbCI6InJhdmRlZXBzM0BnbWFpbC5jb20iLCJwYXNzd29yZCI6ImphcyIsImNyZWF0ZWRfYXQiOiIyMDE3LTEyLTI4VDE4OjQ3OjEyLjAwMFoiLCJ1cGRhdGVkX2F0IjoiMjAxNy0xMi0yOFQxODo0NzoxMi4wMDBaIiwicm9sZSI6MX0sImlhdCI6MTUxOTQ2Mzk4MSwiZXhwIjoxNTI0NjQ3OTgxfQ.-dYqbE8bUtFXLe87vopC5pQeZWoscaPbgttUXKsxlqA','2018-02-24 14:49:41.000',1,'2018-02-24 15:10:03.000');
INSERT INTO `LOGIN_SESSION_HIS` (`session_id`,`token`,`start_time`,`user_id`,`end_time`) VALUES (81,'eyJhbGciOiJIUzI1NiIsInR5cCI6IkpXVCJ9.eyJhZG1pbiI6eyJpZCI6MSwibmFtZSI6InJhdmRlZXAiLCJlbWFpbCI6InJhdmRlZXBzM0BnbWFpbC5jb20iLCJwYXNzd29yZCI6ImphcyIsImNyZWF0ZWRfYXQiOiIyMDE3LTEyLTI4VDE4OjQ3OjEyLjAwMFoiLCJ1cGRhdGVkX2F0IjoiMjAxNy0xMi0yOFQxODo0NzoxMi4wMDBaIiwicm9sZSI6MX0sImlhdCI6MTUxOTQ2NTIwMywiZXhwIjoxNTI0NjQ5MjAzfQ.FTEAaEsPz4FQXQVyqXCE5DhAUMENDIQk8L8D43-uokE','2018-02-24 15:10:03.000',1,'2018-02-24 15:45:18.000');
INSERT INTO `LOGIN_SESSION_HIS` (`session_id`,`token`,`start_time`,`user_id`,`end_time`) VALUES (82,'eyJhbGciOiJIUzI1NiIsInR5cCI6IkpXVCJ9.eyJhZG1pbiI6eyJpZCI6MSwibmFtZSI6InJhdmRlZXAiLCJlbWFpbCI6InJhdmRlZXBzM0BnbWFpbC5jb20iLCJwYXNzd29yZCI6ImphcyIsImNyZWF0ZWRfYXQiOiIyMDE3LTEyLTI4VDE4OjQ3OjEyLjAwMFoiLCJ1cGRhdGVkX2F0IjoiMjAxNy0xMi0yOFQxODo0NzoxMi4wMDBaIiwicm9sZSI6MX0sImlhdCI6MTUxOTQ2NzMxOCwiZXhwIjoxNTI0NjUxMzE4fQ.B-zmu_8TnSldTzXu3ZJRyiGVAbKndUTVFb5_cTplzbg','2018-02-24 15:45:18.000',1,'2018-02-24 15:46:14.000');
INSERT INTO `LOGIN_SESSION_HIS` (`session_id`,`token`,`start_time`,`user_id`,`end_time`) VALUES (83,'eyJhbGciOiJIUzI1NiIsInR5cCI6IkpXVCJ9.eyJhZG1pbiI6eyJpZCI6MSwibmFtZSI6InJhdmRlZXAiLCJlbWFpbCI6InJhdmRlZXBzM0BnbWFpbC5jb20iLCJwYXNzd29yZCI6ImphcyIsImNyZWF0ZWRfYXQiOiIyMDE3LTEyLTI4VDE4OjQ3OjEyLjAwMFoiLCJ1cGRhdGVkX2F0IjoiMjAxNy0xMi0yOFQxODo0NzoxMi4wMDBaIiwicm9sZSI6MX0sImlhdCI6MTUxOTQ2NzMxOCwiZXhwIjoxNTI0NjUxMzE4fQ.B-zmu_8TnSldTzXu3ZJRyiGVAbKndUTVFb5_cTplzbg','2018-02-24 15:46:14.000',1,'2018-02-24 15:46:52.000');
INSERT INTO `LOGIN_SESSION_HIS` (`session_id`,`token`,`start_time`,`user_id`,`end_time`) VALUES (84,'eyJhbGciOiJIUzI1NiIsInR5cCI6IkpXVCJ9.eyJhZG1pbiI6eyJpZCI6MSwibmFtZSI6InJhdmRlZXAiLCJlbWFpbCI6InJhdmRlZXBzM0BnbWFpbC5jb20iLCJwYXNzd29yZCI6ImphcyIsImNyZWF0ZWRfYXQiOiIyMDE3LTEyLTI4VDE4OjQ3OjEyLjAwMFoiLCJ1cGRhdGVkX2F0IjoiMjAxNy0xMi0yOFQxODo0NzoxMi4wMDBaIiwicm9sZSI6MX0sImlhdCI6MTUxOTQ2NzMxOCwiZXhwIjoxNTI0NjUxMzE4fQ.B-zmu_8TnSldTzXu3ZJRyiGVAbKndUTVFb5_cTplzbg','2018-02-24 15:46:52.000',1,'2018-02-24 16:01:02.000');
INSERT INTO `LOGIN_SESSION_HIS` (`session_id`,`token`,`start_time`,`user_id`,`end_time`) VALUES (85,'eyJhbGciOiJIUzI1NiIsInR5cCI6IkpXVCJ9.eyJhZG1pbiI6eyJpZCI6MSwibmFtZSI6InJhdmRlZXAiLCJlbWFpbCI6InJhdmRlZXBzM0BnbWFpbC5jb20iLCJwYXNzd29yZCI6ImphcyIsImNyZWF0ZWRfYXQiOiIyMDE3LTEyLTI4VDE4OjQ3OjEyLjAwMFoiLCJ1cGRhdGVkX2F0IjoiMjAxNy0xMi0yOFQxODo0NzoxMi4wMDBaIiwicm9sZSI6MX0sImlhdCI6MTUxOTQ2ODI2MiwiZXhwIjoxNTI0NjUyMjYyfQ.NV01zs9Z4hXgjouXgHxMKkC6b4_CQbLI4vnyHi2iXfE','2018-02-24 16:01:02.000',1,'2018-02-24 16:01:32.000');
INSERT INTO `LOGIN_SESSION_HIS` (`session_id`,`token`,`start_time`,`user_id`,`end_time`) VALUES (86,'eyJhbGciOiJIUzI1NiIsInR5cCI6IkpXVCJ9.eyJhZG1pbiI6eyJpZCI6MSwibmFtZSI6InJhdmRlZXAiLCJlbWFpbCI6InJhdmRlZXBzM0BnbWFpbC5jb20iLCJwYXNzd29yZCI6ImphcyIsImNyZWF0ZWRfYXQiOiIyMDE3LTEyLTI4VDE4OjQ3OjEyLjAwMFoiLCJ1cGRhdGVkX2F0IjoiMjAxNy0xMi0yOFQxODo0NzoxMi4wMDBaIiwicm9sZSI6MX0sImlhdCI6MTUxOTQ2ODI2MiwiZXhwIjoxNTI0NjUyMjYyfQ.NV01zs9Z4hXgjouXgHxMKkC6b4_CQbLI4vnyHi2iXfE','2018-02-24 16:01:32.000',1,'2018-02-24 16:01:43.000');
INSERT INTO `LOGIN_SESSION_HIS` (`session_id`,`token`,`start_time`,`user_id`,`end_time`) VALUES (87,'eyJhbGciOiJIUzI1NiIsInR5cCI6IkpXVCJ9.eyJhZG1pbiI6eyJpZCI6MSwibmFtZSI6InJhdmRlZXAiLCJlbWFpbCI6InJhdmRlZXBzM0BnbWFpbC5jb20iLCJwYXNzd29yZCI6ImphcyIsImNyZWF0ZWRfYXQiOiIyMDE3LTEyLTI4VDE4OjQ3OjEyLjAwMFoiLCJ1cGRhdGVkX2F0IjoiMjAxNy0xMi0yOFQxODo0NzoxMi4wMDBaIiwicm9sZSI6MX0sImlhdCI6MTUxOTQ2ODI2MiwiZXhwIjoxNTI0NjUyMjYyfQ.NV01zs9Z4hXgjouXgHxMKkC6b4_CQbLI4vnyHi2iXfE','2018-02-24 16:01:43.000',1,'2018-02-24 16:03:54.000');
INSERT INTO `LOGIN_SESSION_HIS` (`session_id`,`token`,`start_time`,`user_id`,`end_time`) VALUES (88,'eyJhbGciOiJIUzI1NiIsInR5cCI6IkpXVCJ9.eyJhZG1pbiI6eyJpZCI6MSwibmFtZSI6InJhdmRlZXAiLCJlbWFpbCI6InJhdmRlZXBzM0BnbWFpbC5jb20iLCJwYXNzd29yZCI6ImphcyIsImNyZWF0ZWRfYXQiOiIyMDE3LTEyLTI4VDE4OjQ3OjEyLjAwMFoiLCJ1cGRhdGVkX2F0IjoiMjAxNy0xMi0yOFQxODo0NzoxMi4wMDBaIiwicm9sZSI6MX0sImlhdCI6MTUxOTQ2ODI2MiwiZXhwIjoxNTI0NjUyMjYyfQ.NV01zs9Z4hXgjouXgHxMKkC6b4_CQbLI4vnyHi2iXfE','2018-02-24 16:03:54.000',1,'2018-02-24 16:04:12.000');
INSERT INTO `LOGIN_SESSION_HIS` (`session_id`,`token`,`start_time`,`user_id`,`end_time`) VALUES (89,'eyJhbGciOiJIUzI1NiIsInR5cCI6IkpXVCJ9.eyJhZG1pbiI6eyJpZCI6MSwibmFtZSI6InJhdmRlZXAiLCJlbWFpbCI6InJhdmRlZXBzM0BnbWFpbC5jb20iLCJwYXNzd29yZCI6ImphcyIsImNyZWF0ZWRfYXQiOiIyMDE3LTEyLTI4VDE4OjQ3OjEyLjAwMFoiLCJ1cGRhdGVkX2F0IjoiMjAxNy0xMi0yOFQxODo0NzoxMi4wMDBaIiwicm9sZSI6MX0sImlhdCI6MTUxOTQ2ODI2MiwiZXhwIjoxNTI0NjUyMjYyfQ.NV01zs9Z4hXgjouXgHxMKkC6b4_CQbLI4vnyHi2iXfE','2018-02-24 16:04:12.000',1,'2018-02-24 16:04:59.000');
INSERT INTO `LOGIN_SESSION_HIS` (`session_id`,`token`,`start_time`,`user_id`,`end_time`) VALUES (90,'eyJhbGciOiJIUzI1NiIsInR5cCI6IkpXVCJ9.eyJhZG1pbiI6eyJpZCI6MSwibmFtZSI6InJhdmRlZXAiLCJlbWFpbCI6InJhdmRlZXBzM0BnbWFpbC5jb20iLCJwYXNzd29yZCI6ImphcyIsImNyZWF0ZWRfYXQiOiIyMDE3LTEyLTI4VDE4OjQ3OjEyLjAwMFoiLCJ1cGRhdGVkX2F0IjoiMjAxNy0xMi0yOFQxODo0NzoxMi4wMDBaIiwicm9sZSI6MX0sImlhdCI6MTUxOTQ2ODI2MiwiZXhwIjoxNTI0NjUyMjYyfQ.NV01zs9Z4hXgjouXgHxMKkC6b4_CQbLI4vnyHi2iXfE','2018-02-24 16:04:59.000',1,'2018-02-24 16:05:50.000');
INSERT INTO `LOGIN_SESSION_HIS` (`session_id`,`token`,`start_time`,`user_id`,`end_time`) VALUES (91,'eyJhbGciOiJIUzI1NiIsInR5cCI6IkpXVCJ9.eyJhZG1pbiI6eyJpZCI6MSwibmFtZSI6InJhdmRlZXAiLCJlbWFpbCI6InJhdmRlZXBzM0BnbWFpbC5jb20iLCJwYXNzd29yZCI6ImphcyIsImNyZWF0ZWRfYXQiOiIyMDE3LTEyLTI4VDE4OjQ3OjEyLjAwMFoiLCJ1cGRhdGVkX2F0IjoiMjAxNy0xMi0yOFQxODo0NzoxMi4wMDBaIiwicm9sZSI6MX0sImlhdCI6MTUxOTQ2ODI2MiwiZXhwIjoxNTI0NjUyMjYyfQ.NV01zs9Z4hXgjouXgHxMKkC6b4_CQbLI4vnyHi2iXfE','2018-02-24 16:05:50.000',1,'2018-02-24 16:06:36.000');
INSERT INTO `LOGIN_SESSION_HIS` (`session_id`,`token`,`start_time`,`user_id`,`end_time`) VALUES (92,'eyJhbGciOiJIUzI1NiIsInR5cCI6IkpXVCJ9.eyJhZG1pbiI6eyJpZCI6MSwibmFtZSI6InJhdmRlZXAiLCJlbWFpbCI6InJhdmRlZXBzM0BnbWFpbC5jb20iLCJwYXNzd29yZCI6ImphcyIsImNyZWF0ZWRfYXQiOiIyMDE3LTEyLTI4VDE4OjQ3OjEyLjAwMFoiLCJ1cGRhdGVkX2F0IjoiMjAxNy0xMi0yOFQxODo0NzoxMi4wMDBaIiwicm9sZSI6MX0sImlhdCI6MTUxOTQ2ODI2MiwiZXhwIjoxNTI0NjUyMjYyfQ.NV01zs9Z4hXgjouXgHxMKkC6b4_CQbLI4vnyHi2iXfE','2018-02-24 16:06:36.000',1,'2018-02-24 16:07:50.000');
INSERT INTO `LOGIN_SESSION_HIS` (`session_id`,`token`,`start_time`,`user_id`,`end_time`) VALUES (93,'eyJhbGciOiJIUzI1NiIsInR5cCI6IkpXVCJ9.eyJhZG1pbiI6eyJpZCI6MSwibmFtZSI6InJhdmRlZXAiLCJlbWFpbCI6InJhdmRlZXBzM0BnbWFpbC5jb20iLCJwYXNzd29yZCI6ImphcyIsImNyZWF0ZWRfYXQiOiIyMDE3LTEyLTI4VDE4OjQ3OjEyLjAwMFoiLCJ1cGRhdGVkX2F0IjoiMjAxNy0xMi0yOFQxODo0NzoxMi4wMDBaIiwicm9sZSI6MX0sImlhdCI6MTUxOTQ2ODI2MiwiZXhwIjoxNTI0NjUyMjYyfQ.NV01zs9Z4hXgjouXgHxMKkC6b4_CQbLI4vnyHi2iXfE','2018-02-24 16:07:50.000',1,'2018-02-24 16:08:13.000');
INSERT INTO `LOGIN_SESSION_HIS` (`session_id`,`token`,`start_time`,`user_id`,`end_time`) VALUES (94,'eyJhbGciOiJIUzI1NiIsInR5cCI6IkpXVCJ9.eyJhZG1pbiI6eyJpZCI6MSwibmFtZSI6InJhdmRlZXAiLCJlbWFpbCI6InJhdmRlZXBzM0BnbWFpbC5jb20iLCJwYXNzd29yZCI6ImphcyIsImNyZWF0ZWRfYXQiOiIyMDE3LTEyLTI4VDE4OjQ3OjEyLjAwMFoiLCJ1cGRhdGVkX2F0IjoiMjAxNy0xMi0yOFQxODo0NzoxMi4wMDBaIiwicm9sZSI6MX0sImlhdCI6MTUxOTQ2ODI2MiwiZXhwIjoxNTI0NjUyMjYyfQ.NV01zs9Z4hXgjouXgHxMKkC6b4_CQbLI4vnyHi2iXfE','2018-02-24 16:08:13.000',1,'2018-02-24 16:10:08.000');
INSERT INTO `LOGIN_SESSION_HIS` (`session_id`,`token`,`start_time`,`user_id`,`end_time`) VALUES (95,'eyJhbGciOiJIUzI1NiIsInR5cCI6IkpXVCJ9.eyJhZG1pbiI6eyJpZCI6MSwibmFtZSI6InJhdmRlZXAiLCJlbWFpbCI6InJhdmRlZXBzM0BnbWFpbC5jb20iLCJwYXNzd29yZCI6ImphcyIsImNyZWF0ZWRfYXQiOiIyMDE3LTEyLTI4VDE4OjQ3OjEyLjAwMFoiLCJ1cGRhdGVkX2F0IjoiMjAxNy0xMi0yOFQxODo0NzoxMi4wMDBaIiwicm9sZSI6MX0sImlhdCI6MTUxOTQ2ODI2MiwiZXhwIjoxNTI0NjUyMjYyfQ.NV01zs9Z4hXgjouXgHxMKkC6b4_CQbLI4vnyHi2iXfE','2018-02-24 16:10:08.000',1,'2018-02-24 16:10:36.000');
INSERT INTO `LOGIN_SESSION_HIS` (`session_id`,`token`,`start_time`,`user_id`,`end_time`) VALUES (96,'eyJhbGciOiJIUzI1NiIsInR5cCI6IkpXVCJ9.eyJhZG1pbiI6eyJpZCI6MSwibmFtZSI6InJhdmRlZXAiLCJlbWFpbCI6InJhdmRlZXBzM0BnbWFpbC5jb20iLCJwYXNzd29yZCI6ImphcyIsImNyZWF0ZWRfYXQiOiIyMDE3LTEyLTI4VDE4OjQ3OjEyLjAwMFoiLCJ1cGRhdGVkX2F0IjoiMjAxNy0xMi0yOFQxODo0NzoxMi4wMDBaIiwicm9sZSI6MX0sImlhdCI6MTUxOTQ2ODI2MiwiZXhwIjoxNTI0NjUyMjYyfQ.NV01zs9Z4hXgjouXgHxMKkC6b4_CQbLI4vnyHi2iXfE','2018-02-24 16:10:36.000',1,'2018-02-24 16:12:11.000');
INSERT INTO `LOGIN_SESSION_HIS` (`session_id`,`token`,`start_time`,`user_id`,`end_time`) VALUES (97,'eyJhbGciOiJIUzI1NiIsInR5cCI6IkpXVCJ9.eyJhZG1pbiI6eyJpZCI6MSwibmFtZSI6InJhdmRlZXAiLCJlbWFpbCI6InJhdmRlZXBzM0BnbWFpbC5jb20iLCJwYXNzd29yZCI6ImphcyIsImNyZWF0ZWRfYXQiOiIyMDE3LTEyLTI4VDE4OjQ3OjEyLjAwMFoiLCJ1cGRhdGVkX2F0IjoiMjAxNy0xMi0yOFQxODo0NzoxMi4wMDBaIiwicm9sZSI6MX0sImlhdCI6MTUxOTQ2ODI2MiwiZXhwIjoxNTI0NjUyMjYyfQ.NV01zs9Z4hXgjouXgHxMKkC6b4_CQbLI4vnyHi2iXfE','2018-02-24 16:12:11.000',1,'2018-02-24 16:12:55.000');
INSERT INTO `LOGIN_SESSION_HIS` (`session_id`,`token`,`start_time`,`user_id`,`end_time`) VALUES (98,'eyJhbGciOiJIUzI1NiIsInR5cCI6IkpXVCJ9.eyJhZG1pbiI6eyJpZCI6MSwibmFtZSI6InJhdmRlZXAiLCJlbWFpbCI6InJhdmRlZXBzM0BnbWFpbC5jb20iLCJwYXNzd29yZCI6ImphcyIsImNyZWF0ZWRfYXQiOiIyMDE3LTEyLTI4VDE4OjQ3OjEyLjAwMFoiLCJ1cGRhdGVkX2F0IjoiMjAxNy0xMi0yOFQxODo0NzoxMi4wMDBaIiwicm9sZSI6MX0sImlhdCI6MTUxOTQ2ODI2MiwiZXhwIjoxNTI0NjUyMjYyfQ.NV01zs9Z4hXgjouXgHxMKkC6b4_CQbLI4vnyHi2iXfE','2018-02-24 16:12:55.000',1,'2018-02-24 16:15:17.000');
INSERT INTO `LOGIN_SESSION_HIS` (`session_id`,`token`,`start_time`,`user_id`,`end_time`) VALUES (99,'eyJhbGciOiJIUzI1NiIsInR5cCI6IkpXVCJ9.eyJhZG1pbiI6eyJpZCI6MSwibmFtZSI6InJhdmRlZXAiLCJlbWFpbCI6InJhdmRlZXBzM0BnbWFpbC5jb20iLCJwYXNzd29yZCI6ImphcyIsImNyZWF0ZWRfYXQiOiIyMDE3LTEyLTI4VDE4OjQ3OjEyLjAwMFoiLCJ1cGRhdGVkX2F0IjoiMjAxNy0xMi0yOFQxODo0NzoxMi4wMDBaIiwicm9sZSI6MX0sImlhdCI6MTUxOTQ2ODI2MiwiZXhwIjoxNTI0NjUyMjYyfQ.NV01zs9Z4hXgjouXgHxMKkC6b4_CQbLI4vnyHi2iXfE','2018-02-24 16:15:17.000',1,'2018-02-24 16:15:35.000');
INSERT INTO `LOGIN_SESSION_HIS` (`session_id`,`token`,`start_time`,`user_id`,`end_time`) VALUES (100,'eyJhbGciOiJIUzI1NiIsInR5cCI6IkpXVCJ9.eyJhZG1pbiI6eyJpZCI6MSwibmFtZSI6InJhdmRlZXAiLCJlbWFpbCI6InJhdmRlZXBzM0BnbWFpbC5jb20iLCJwYXNzd29yZCI6ImphcyIsImNyZWF0ZWRfYXQiOiIyMDE3LTEyLTI4VDE4OjQ3OjEyLjAwMFoiLCJ1cGRhdGVkX2F0IjoiMjAxNy0xMi0yOFQxODo0NzoxMi4wMDBaIiwicm9sZSI6MX0sImlhdCI6MTUxOTQ2ODI2MiwiZXhwIjoxNTI0NjUyMjYyfQ.NV01zs9Z4hXgjouXgHxMKkC6b4_CQbLI4vnyHi2iXfE','2018-02-24 16:15:35.000',1,'2018-02-24 16:16:17.000');
INSERT INTO `LOGIN_SESSION_HIS` (`session_id`,`token`,`start_time`,`user_id`,`end_time`) VALUES (101,'eyJhbGciOiJIUzI1NiIsInR5cCI6IkpXVCJ9.eyJhZG1pbiI6eyJpZCI6MSwibmFtZSI6InJhdmRlZXAiLCJlbWFpbCI6InJhdmRlZXBzM0BnbWFpbC5jb20iLCJwYXNzd29yZCI6ImphcyIsImNyZWF0ZWRfYXQiOiIyMDE3LTEyLTI4VDE4OjQ3OjEyLjAwMFoiLCJ1cGRhdGVkX2F0IjoiMjAxNy0xMi0yOFQxODo0NzoxMi4wMDBaIiwicm9sZSI6MX0sImlhdCI6MTUxOTQ2OTE3NywiZXhwIjoxNTI0NjUzMTc3fQ.Ki2GLaJZYdno_FFnNR_JVsFITbeqEyis7TEqIv4Df1s','2018-02-24 16:16:17.000',1,'2018-02-24 16:16:47.000');
INSERT INTO `LOGIN_SESSION_HIS` (`session_id`,`token`,`start_time`,`user_id`,`end_time`) VALUES (102,'eyJhbGciOiJIUzI1NiIsInR5cCI6IkpXVCJ9.eyJhZG1pbiI6eyJpZCI6MSwibmFtZSI6InJhdmRlZXAiLCJlbWFpbCI6InJhdmRlZXBzM0BnbWFpbC5jb20iLCJwYXNzd29yZCI6ImphcyIsImNyZWF0ZWRfYXQiOiIyMDE3LTEyLTI4VDE4OjQ3OjEyLjAwMFoiLCJ1cGRhdGVkX2F0IjoiMjAxNy0xMi0yOFQxODo0NzoxMi4wMDBaIiwicm9sZSI6MX0sImlhdCI6MTUxOTQ2OTE3NywiZXhwIjoxNTI0NjUzMTc3fQ.Ki2GLaJZYdno_FFnNR_JVsFITbeqEyis7TEqIv4Df1s','2018-02-24 16:16:47.000',1,'2018-02-24 16:17:22.000');
INSERT INTO `LOGIN_SESSION_HIS` (`session_id`,`token`,`start_time`,`user_id`,`end_time`) VALUES (103,'eyJhbGciOiJIUzI1NiIsInR5cCI6IkpXVCJ9.eyJhZG1pbiI6eyJpZCI6MSwibmFtZSI6InJhdmRlZXAiLCJlbWFpbCI6InJhdmRlZXBzM0BnbWFpbC5jb20iLCJwYXNzd29yZCI6ImphcyIsImNyZWF0ZWRfYXQiOiIyMDE3LTEyLTI4VDE4OjQ3OjEyLjAwMFoiLCJ1cGRhdGVkX2F0IjoiMjAxNy0xMi0yOFQxODo0NzoxMi4wMDBaIiwicm9sZSI6MX0sImlhdCI6MTUxOTQ2OTE3NywiZXhwIjoxNTI0NjUzMTc3fQ.Ki2GLaJZYdno_FFnNR_JVsFITbeqEyis7TEqIv4Df1s','2018-02-24 16:17:22.000',1,'2018-02-24 16:18:23.000');
INSERT INTO `LOGIN_SESSION_HIS` (`session_id`,`token`,`start_time`,`user_id`,`end_time`) VALUES (104,'eyJhbGciOiJIUzI1NiIsInR5cCI6IkpXVCJ9.eyJhZG1pbiI6eyJpZCI6MSwibmFtZSI6InJhdmRlZXAiLCJlbWFpbCI6InJhdmRlZXBzM0BnbWFpbC5jb20iLCJwYXNzd29yZCI6ImphcyIsImNyZWF0ZWRfYXQiOiIyMDE3LTEyLTI4VDE4OjQ3OjEyLjAwMFoiLCJ1cGRhdGVkX2F0IjoiMjAxNy0xMi0yOFQxODo0NzoxMi4wMDBaIiwicm9sZSI6MX0sImlhdCI6MTUxOTQ2OTE3NywiZXhwIjoxNTI0NjUzMTc3fQ.Ki2GLaJZYdno_FFnNR_JVsFITbeqEyis7TEqIv4Df1s','2018-02-24 16:18:23.000',1,'2018-02-24 16:19:18.000');
INSERT INTO `LOGIN_SESSION_HIS` (`session_id`,`token`,`start_time`,`user_id`,`end_time`) VALUES (105,'eyJhbGciOiJIUzI1NiIsInR5cCI6IkpXVCJ9.eyJhZG1pbiI6eyJpZCI6MSwibmFtZSI6InJhdmRlZXAiLCJlbWFpbCI6InJhdmRlZXBzM0BnbWFpbC5jb20iLCJwYXNzd29yZCI6ImphcyIsImNyZWF0ZWRfYXQiOiIyMDE3LTEyLTI4VDE4OjQ3OjEyLjAwMFoiLCJ1cGRhdGVkX2F0IjoiMjAxNy0xMi0yOFQxODo0NzoxMi4wMDBaIiwicm9sZSI6MX0sImlhdCI6MTUxOTQ2OTE3NywiZXhwIjoxNTI0NjUzMTc3fQ.Ki2GLaJZYdno_FFnNR_JVsFITbeqEyis7TEqIv4Df1s','2018-02-24 16:19:18.000',1,'2018-02-24 16:20:32.000');
INSERT INTO `LOGIN_SESSION_HIS` (`session_id`,`token`,`start_time`,`user_id`,`end_time`) VALUES (106,'eyJhbGciOiJIUzI1NiIsInR5cCI6IkpXVCJ9.eyJhZG1pbiI6eyJpZCI6MSwibmFtZSI6InJhdmRlZXAiLCJlbWFpbCI6InJhdmRlZXBzM0BnbWFpbC5jb20iLCJwYXNzd29yZCI6ImphcyIsImNyZWF0ZWRfYXQiOiIyMDE3LTEyLTI4VDE4OjQ3OjEyLjAwMFoiLCJ1cGRhdGVkX2F0IjoiMjAxNy0xMi0yOFQxODo0NzoxMi4wMDBaIiwicm9sZSI6MX0sImlhdCI6MTUxOTQ2OTE3NywiZXhwIjoxNTI0NjUzMTc3fQ.Ki2GLaJZYdno_FFnNR_JVsFITbeqEyis7TEqIv4Df1s','2018-02-24 16:20:32.000',1,'2018-02-24 16:21:25.000');
INSERT INTO `LOGIN_SESSION_HIS` (`session_id`,`token`,`start_time`,`user_id`,`end_time`) VALUES (107,'eyJhbGciOiJIUzI1NiIsInR5cCI6IkpXVCJ9.eyJhZG1pbiI6eyJpZCI6MSwibmFtZSI6InJhdmRlZXAiLCJlbWFpbCI6InJhdmRlZXBzM0BnbWFpbC5jb20iLCJwYXNzd29yZCI6ImphcyIsImNyZWF0ZWRfYXQiOiIyMDE3LTEyLTI4VDE4OjQ3OjEyLjAwMFoiLCJ1cGRhdGVkX2F0IjoiMjAxNy0xMi0yOFQxODo0NzoxMi4wMDBaIiwicm9sZSI6MX0sImlhdCI6MTUxOTQ2OTE3NywiZXhwIjoxNTI0NjUzMTc3fQ.Ki2GLaJZYdno_FFnNR_JVsFITbeqEyis7TEqIv4Df1s','2018-02-24 16:21:25.000',1,'2018-02-24 16:24:53.000');
INSERT INTO `LOGIN_SESSION_HIS` (`session_id`,`token`,`start_time`,`user_id`,`end_time`) VALUES (108,'eyJhbGciOiJIUzI1NiIsInR5cCI6IkpXVCJ9.eyJhZG1pbiI6eyJpZCI6MSwibmFtZSI6InJhdmRlZXAiLCJlbWFpbCI6InJhdmRlZXBzM0BnbWFpbC5jb20iLCJwYXNzd29yZCI6ImphcyIsImNyZWF0ZWRfYXQiOiIyMDE3LTEyLTI4VDE4OjQ3OjEyLjAwMFoiLCJ1cGRhdGVkX2F0IjoiMjAxNy0xMi0yOFQxODo0NzoxMi4wMDBaIiwicm9sZSI6MX0sImlhdCI6MTUxOTQ2OTE3NywiZXhwIjoxNTI0NjUzMTc3fQ.Ki2GLaJZYdno_FFnNR_JVsFITbeqEyis7TEqIv4Df1s','2018-02-24 16:24:53.000',1,'2018-02-24 16:26:12.000');
INSERT INTO `LOGIN_SESSION_HIS` (`session_id`,`token`,`start_time`,`user_id`,`end_time`) VALUES (109,'eyJhbGciOiJIUzI1NiIsInR5cCI6IkpXVCJ9.eyJhZG1pbiI6eyJpZCI6MSwibmFtZSI6InJhdmRlZXAiLCJlbWFpbCI6InJhdmRlZXBzM0BnbWFpbC5jb20iLCJwYXNzd29yZCI6ImphcyIsImNyZWF0ZWRfYXQiOiIyMDE3LTEyLTI4VDE4OjQ3OjEyLjAwMFoiLCJ1cGRhdGVkX2F0IjoiMjAxNy0xMi0yOFQxODo0NzoxMi4wMDBaIiwicm9sZSI6MX0sImlhdCI6MTUxOTQ2OTc3MSwiZXhwIjoxNTI0NjUzNzcxfQ.oCkjNOnOoWByA-IJgAV-Al5aNXg1nskF-I_Ss_SgD0E','2018-02-24 16:26:12.000',1,'2018-02-24 16:26:26.000');
INSERT INTO `LOGIN_SESSION_HIS` (`session_id`,`token`,`start_time`,`user_id`,`end_time`) VALUES (110,'eyJhbGciOiJIUzI1NiIsInR5cCI6IkpXVCJ9.eyJhZG1pbiI6eyJpZCI6MSwibmFtZSI6InJhdmRlZXAiLCJlbWFpbCI6InJhdmRlZXBzM0BnbWFpbC5jb20iLCJwYXNzd29yZCI6ImphcyIsImNyZWF0ZWRfYXQiOiIyMDE3LTEyLTI4VDE4OjQ3OjEyLjAwMFoiLCJ1cGRhdGVkX2F0IjoiMjAxNy0xMi0yOFQxODo0NzoxMi4wMDBaIiwicm9sZSI6MX0sImlhdCI6MTUxOTQ2OTc4NSwiZXhwIjoxNTI0NjUzNzg1fQ.pc15Rf87O1dTkMbzBwJCrTCflg_AuKMNWvFqthaelFs','2018-02-24 16:26:26.000',1,'2018-02-24 16:27:17.000');
INSERT INTO `LOGIN_SESSION_HIS` (`session_id`,`token`,`start_time`,`user_id`,`end_time`) VALUES (111,'eyJhbGciOiJIUzI1NiIsInR5cCI6IkpXVCJ9.eyJhZG1pbiI6eyJpZCI6MSwibmFtZSI6InJhdmRlZXAiLCJlbWFpbCI6InJhdmRlZXBzM0BnbWFpbC5jb20iLCJwYXNzd29yZCI6ImphcyIsImNyZWF0ZWRfYXQiOiIyMDE3LTEyLTI4VDE4OjQ3OjEyLjAwMFoiLCJ1cGRhdGVkX2F0IjoiMjAxNy0xMi0yOFQxODo0NzoxMi4wMDBaIiwicm9sZSI6MX0sImlhdCI6MTUxOTQ2OTgzNywiZXhwIjoxNTI0NjUzODM3fQ.HYW58aFbMZrzmeBcFZAYS4iFr8kDpaBQP0E4nvLvjBg','2018-02-24 16:27:17.000',1,'2018-02-24 16:29:12.000');
INSERT INTO `LOGIN_SESSION_HIS` (`session_id`,`token`,`start_time`,`user_id`,`end_time`) VALUES (112,'eyJhbGciOiJIUzI1NiIsInR5cCI6IkpXVCJ9.eyJhZG1pbiI6eyJpZCI6MSwibmFtZSI6InJhdmRlZXAiLCJlbWFpbCI6InJhdmRlZXBzM0BnbWFpbC5jb20iLCJwYXNzd29yZCI6ImphcyIsImNyZWF0ZWRfYXQiOiIyMDE3LTEyLTI4VDE4OjQ3OjEyLjAwMFoiLCJ1cGRhdGVkX2F0IjoiMjAxNy0xMi0yOFQxODo0NzoxMi4wMDBaIiwicm9sZSI6MX0sImlhdCI6MTUxOTQ2OTk1MiwiZXhwIjoxNTI0NjUzOTUyfQ.I17UoQ8e4s6r5qsGpQem_dWQwBUhiaaV5H1B8vHl97w','2018-02-24 16:29:12.000',1,'2018-02-24 16:29:17.000');
INSERT INTO `LOGIN_SESSION_HIS` (`session_id`,`token`,`start_time`,`user_id`,`end_time`) VALUES (113,'eyJhbGciOiJIUzI1NiIsInR5cCI6IkpXVCJ9.eyJhZG1pbiI6eyJpZCI6MSwibmFtZSI6InJhdmRlZXAiLCJlbWFpbCI6InJhdmRlZXBzM0BnbWFpbC5jb20iLCJwYXNzd29yZCI6ImphcyIsImNyZWF0ZWRfYXQiOiIyMDE3LTEyLTI4VDE4OjQ3OjEyLjAwMFoiLCJ1cGRhdGVkX2F0IjoiMjAxNy0xMi0yOFQxODo0NzoxMi4wMDBaIiwicm9sZSI6MX0sImlhdCI6MTUxOTQ2OTk1MiwiZXhwIjoxNTI0NjUzOTUyfQ.I17UoQ8e4s6r5qsGpQem_dWQwBUhiaaV5H1B8vHl97w','2018-02-24 16:29:17.000',1,'2018-02-24 16:29:21.000');
INSERT INTO `LOGIN_SESSION_HIS` (`session_id`,`token`,`start_time`,`user_id`,`end_time`) VALUES (114,'eyJhbGciOiJIUzI1NiIsInR5cCI6IkpXVCJ9.eyJhZG1pbiI6eyJpZCI6MSwibmFtZSI6InJhdmRlZXAiLCJlbWFpbCI6InJhdmRlZXBzM0BnbWFpbC5jb20iLCJwYXNzd29yZCI6ImphcyIsImNyZWF0ZWRfYXQiOiIyMDE3LTEyLTI4VDE4OjQ3OjEyLjAwMFoiLCJ1cGRhdGVkX2F0IjoiMjAxNy0xMi0yOFQxODo0NzoxMi4wMDBaIiwicm9sZSI6MX0sImlhdCI6MTUxOTQ2OTk1MiwiZXhwIjoxNTI0NjUzOTUyfQ.I17UoQ8e4s6r5qsGpQem_dWQwBUhiaaV5H1B8vHl97w','2018-02-24 16:29:21.000',1,'2018-02-24 16:29:25.000');
INSERT INTO `LOGIN_SESSION_HIS` (`session_id`,`token`,`start_time`,`user_id`,`end_time`) VALUES (115,'eyJhbGciOiJIUzI1NiIsInR5cCI6IkpXVCJ9.eyJhZG1pbiI6eyJpZCI6MSwibmFtZSI6InJhdmRlZXAiLCJlbWFpbCI6InJhdmRlZXBzM0BnbWFpbC5jb20iLCJwYXNzd29yZCI6ImphcyIsImNyZWF0ZWRfYXQiOiIyMDE3LTEyLTI4VDE4OjQ3OjEyLjAwMFoiLCJ1cGRhdGVkX2F0IjoiMjAxNy0xMi0yOFQxODo0NzoxMi4wMDBaIiwicm9sZSI6MX0sImlhdCI6MTUxOTQ2OTk1MiwiZXhwIjoxNTI0NjUzOTUyfQ.I17UoQ8e4s6r5qsGpQem_dWQwBUhiaaV5H1B8vHl97w','2018-02-24 16:29:25.000',1,'2018-02-24 16:29:28.000');
INSERT INTO `LOGIN_SESSION_HIS` (`session_id`,`token`,`start_time`,`user_id`,`end_time`) VALUES (116,'eyJhbGciOiJIUzI1NiIsInR5cCI6IkpXVCJ9.eyJhZG1pbiI6eyJpZCI6MSwibmFtZSI6InJhdmRlZXAiLCJlbWFpbCI6InJhdmRlZXBzM0BnbWFpbC5jb20iLCJwYXNzd29yZCI6ImphcyIsImNyZWF0ZWRfYXQiOiIyMDE3LTEyLTI4VDE4OjQ3OjEyLjAwMFoiLCJ1cGRhdGVkX2F0IjoiMjAxNy0xMi0yOFQxODo0NzoxMi4wMDBaIiwicm9sZSI6MX0sImlhdCI6MTUxOTQ2OTk1MiwiZXhwIjoxNTI0NjUzOTUyfQ.I17UoQ8e4s6r5qsGpQem_dWQwBUhiaaV5H1B8vHl97w','2018-02-24 16:29:28.000',1,'2018-02-24 16:29:31.000');
INSERT INTO `LOGIN_SESSION_HIS` (`session_id`,`token`,`start_time`,`user_id`,`end_time`) VALUES (117,'eyJhbGciOiJIUzI1NiIsInR5cCI6IkpXVCJ9.eyJhZG1pbiI6eyJpZCI6MSwibmFtZSI6InJhdmRlZXAiLCJlbWFpbCI6InJhdmRlZXBzM0BnbWFpbC5jb20iLCJwYXNzd29yZCI6ImphcyIsImNyZWF0ZWRfYXQiOiIyMDE3LTEyLTI4VDE4OjQ3OjEyLjAwMFoiLCJ1cGRhdGVkX2F0IjoiMjAxNy0xMi0yOFQxODo0NzoxMi4wMDBaIiwicm9sZSI6MX0sImlhdCI6MTUxOTQ2OTk1MiwiZXhwIjoxNTI0NjUzOTUyfQ.I17UoQ8e4s6r5qsGpQem_dWQwBUhiaaV5H1B8vHl97w','2018-02-24 16:29:31.000',1,'2018-02-24 16:29:34.000');
INSERT INTO `LOGIN_SESSION_HIS` (`session_id`,`token`,`start_time`,`user_id`,`end_time`) VALUES (118,'eyJhbGciOiJIUzI1NiIsInR5cCI6IkpXVCJ9.eyJhZG1pbiI6eyJpZCI6MSwibmFtZSI6InJhdmRlZXAiLCJlbWFpbCI6InJhdmRlZXBzM0BnbWFpbC5jb20iLCJwYXNzd29yZCI6ImphcyIsImNyZWF0ZWRfYXQiOiIyMDE3LTEyLTI4VDE4OjQ3OjEyLjAwMFoiLCJ1cGRhdGVkX2F0IjoiMjAxNy0xMi0yOFQxODo0NzoxMi4wMDBaIiwicm9sZSI6MX0sImlhdCI6MTUxOTQ2OTk1MiwiZXhwIjoxNTI0NjUzOTUyfQ.I17UoQ8e4s6r5qsGpQem_dWQwBUhiaaV5H1B8vHl97w','2018-02-24 16:29:34.000',1,'2018-02-24 16:29:37.000');
INSERT INTO `LOGIN_SESSION_HIS` (`session_id`,`token`,`start_time`,`user_id`,`end_time`) VALUES (119,'eyJhbGciOiJIUzI1NiIsInR5cCI6IkpXVCJ9.eyJhZG1pbiI6eyJpZCI6MSwibmFtZSI6InJhdmRlZXAiLCJlbWFpbCI6InJhdmRlZXBzM0BnbWFpbC5jb20iLCJwYXNzd29yZCI6ImphcyIsImNyZWF0ZWRfYXQiOiIyMDE3LTEyLTI4VDE4OjQ3OjEyLjAwMFoiLCJ1cGRhdGVkX2F0IjoiMjAxNy0xMi0yOFQxODo0NzoxMi4wMDBaIiwicm9sZSI6MX0sImlhdCI6MTUxOTQ2OTk1MiwiZXhwIjoxNTI0NjUzOTUyfQ.I17UoQ8e4s6r5qsGpQem_dWQwBUhiaaV5H1B8vHl97w','2018-02-24 16:29:37.000',1,'2018-02-24 16:29:40.000');
INSERT INTO `LOGIN_SESSION_HIS` (`session_id`,`token`,`start_time`,`user_id`,`end_time`) VALUES (120,'eyJhbGciOiJIUzI1NiIsInR5cCI6IkpXVCJ9.eyJhZG1pbiI6eyJpZCI6MSwibmFtZSI6InJhdmRlZXAiLCJlbWFpbCI6InJhdmRlZXBzM0BnbWFpbC5jb20iLCJwYXNzd29yZCI6ImphcyIsImNyZWF0ZWRfYXQiOiIyMDE3LTEyLTI4VDE4OjQ3OjEyLjAwMFoiLCJ1cGRhdGVkX2F0IjoiMjAxNy0xMi0yOFQxODo0NzoxMi4wMDBaIiwicm9sZSI6MX0sImlhdCI6MTUxOTQ2OTk1MiwiZXhwIjoxNTI0NjUzOTUyfQ.I17UoQ8e4s6r5qsGpQem_dWQwBUhiaaV5H1B8vHl97w','2018-02-24 16:29:40.000',1,'2018-02-24 16:29:43.000');
INSERT INTO `LOGIN_SESSION_HIS` (`session_id`,`token`,`start_time`,`user_id`,`end_time`) VALUES (121,'eyJhbGciOiJIUzI1NiIsInR5cCI6IkpXVCJ9.eyJhZG1pbiI6eyJpZCI6MSwibmFtZSI6InJhdmRlZXAiLCJlbWFpbCI6InJhdmRlZXBzM0BnbWFpbC5jb20iLCJwYXNzd29yZCI6ImphcyIsImNyZWF0ZWRfYXQiOiIyMDE3LTEyLTI4VDE4OjQ3OjEyLjAwMFoiLCJ1cGRhdGVkX2F0IjoiMjAxNy0xMi0yOFQxODo0NzoxMi4wMDBaIiwicm9sZSI6MX0sImlhdCI6MTUxOTQ2OTk1MiwiZXhwIjoxNTI0NjUzOTUyfQ.I17UoQ8e4s6r5qsGpQem_dWQwBUhiaaV5H1B8vHl97w','2018-02-24 16:29:43.000',1,'2018-02-24 16:29:46.000');
INSERT INTO `LOGIN_SESSION_HIS` (`session_id`,`token`,`start_time`,`user_id`,`end_time`) VALUES (122,'eyJhbGciOiJIUzI1NiIsInR5cCI6IkpXVCJ9.eyJhZG1pbiI6eyJpZCI6MSwibmFtZSI6InJhdmRlZXAiLCJlbWFpbCI6InJhdmRlZXBzM0BnbWFpbC5jb20iLCJwYXNzd29yZCI6ImphcyIsImNyZWF0ZWRfYXQiOiIyMDE3LTEyLTI4VDE4OjQ3OjEyLjAwMFoiLCJ1cGRhdGVkX2F0IjoiMjAxNy0xMi0yOFQxODo0NzoxMi4wMDBaIiwicm9sZSI6MX0sImlhdCI6MTUxOTQ2OTk1MiwiZXhwIjoxNTI0NjUzOTUyfQ.I17UoQ8e4s6r5qsGpQem_dWQwBUhiaaV5H1B8vHl97w','2018-02-24 16:29:46.000',1,'2018-02-24 16:29:49.000');
INSERT INTO `LOGIN_SESSION_HIS` (`session_id`,`token`,`start_time`,`user_id`,`end_time`) VALUES (123,'eyJhbGciOiJIUzI1NiIsInR5cCI6IkpXVCJ9.eyJhZG1pbiI6eyJpZCI6MSwibmFtZSI6InJhdmRlZXAiLCJlbWFpbCI6InJhdmRlZXBzM0BnbWFpbC5jb20iLCJwYXNzd29yZCI6ImphcyIsImNyZWF0ZWRfYXQiOiIyMDE3LTEyLTI4VDE4OjQ3OjEyLjAwMFoiLCJ1cGRhdGVkX2F0IjoiMjAxNy0xMi0yOFQxODo0NzoxMi4wMDBaIiwicm9sZSI6MX0sImlhdCI6MTUxOTQ2OTk1MiwiZXhwIjoxNTI0NjUzOTUyfQ.I17UoQ8e4s6r5qsGpQem_dWQwBUhiaaV5H1B8vHl97w','2018-02-24 16:29:49.000',1,'2018-02-24 16:29:52.000');
INSERT INTO `LOGIN_SESSION_HIS` (`session_id`,`token`,`start_time`,`user_id`,`end_time`) VALUES (124,'eyJhbGciOiJIUzI1NiIsInR5cCI6IkpXVCJ9.eyJhZG1pbiI6eyJpZCI6MSwibmFtZSI6InJhdmRlZXAiLCJlbWFpbCI6InJhdmRlZXBzM0BnbWFpbC5jb20iLCJwYXNzd29yZCI6ImphcyIsImNyZWF0ZWRfYXQiOiIyMDE3LTEyLTI4VDE4OjQ3OjEyLjAwMFoiLCJ1cGRhdGVkX2F0IjoiMjAxNy0xMi0yOFQxODo0NzoxMi4wMDBaIiwicm9sZSI6MX0sImlhdCI6MTUxOTQ2OTk1MiwiZXhwIjoxNTI0NjUzOTUyfQ.I17UoQ8e4s6r5qsGpQem_dWQwBUhiaaV5H1B8vHl97w','2018-02-24 16:29:52.000',1,'2018-02-24 16:29:55.000');
INSERT INTO `LOGIN_SESSION_HIS` (`session_id`,`token`,`start_time`,`user_id`,`end_time`) VALUES (125,'eyJhbGciOiJIUzI1NiIsInR5cCI6IkpXVCJ9.eyJhZG1pbiI6eyJpZCI6MSwibmFtZSI6InJhdmRlZXAiLCJlbWFpbCI6InJhdmRlZXBzM0BnbWFpbC5jb20iLCJwYXNzd29yZCI6ImphcyIsImNyZWF0ZWRfYXQiOiIyMDE3LTEyLTI4VDE4OjQ3OjEyLjAwMFoiLCJ1cGRhdGVkX2F0IjoiMjAxNy0xMi0yOFQxODo0NzoxMi4wMDBaIiwicm9sZSI6MX0sImlhdCI6MTUxOTQ2OTk1MiwiZXhwIjoxNTI0NjUzOTUyfQ.I17UoQ8e4s6r5qsGpQem_dWQwBUhiaaV5H1B8vHl97w','2018-02-24 16:29:55.000',1,'2018-02-24 16:29:58.000');
INSERT INTO `LOGIN_SESSION_HIS` (`session_id`,`token`,`start_time`,`user_id`,`end_time`) VALUES (126,'eyJhbGciOiJIUzI1NiIsInR5cCI6IkpXVCJ9.eyJhZG1pbiI6eyJpZCI6MSwibmFtZSI6InJhdmRlZXAiLCJlbWFpbCI6InJhdmRlZXBzM0BnbWFpbC5jb20iLCJwYXNzd29yZCI6ImphcyIsImNyZWF0ZWRfYXQiOiIyMDE3LTEyLTI4VDE4OjQ3OjEyLjAwMFoiLCJ1cGRhdGVkX2F0IjoiMjAxNy0xMi0yOFQxODo0NzoxMi4wMDBaIiwicm9sZSI6MX0sImlhdCI6MTUxOTQ2OTk1MiwiZXhwIjoxNTI0NjUzOTUyfQ.I17UoQ8e4s6r5qsGpQem_dWQwBUhiaaV5H1B8vHl97w','2018-02-24 16:29:58.000',1,'2018-02-24 16:30:01.000');
INSERT INTO `LOGIN_SESSION_HIS` (`session_id`,`token`,`start_time`,`user_id`,`end_time`) VALUES (127,'eyJhbGciOiJIUzI1NiIsInR5cCI6IkpXVCJ9.eyJhZG1pbiI6eyJpZCI6MSwibmFtZSI6InJhdmRlZXAiLCJlbWFpbCI6InJhdmRlZXBzM0BnbWFpbC5jb20iLCJwYXNzd29yZCI6ImphcyIsImNyZWF0ZWRfYXQiOiIyMDE3LTEyLTI4VDE4OjQ3OjEyLjAwMFoiLCJ1cGRhdGVkX2F0IjoiMjAxNy0xMi0yOFQxODo0NzoxMi4wMDBaIiwicm9sZSI6MX0sImlhdCI6MTUxOTQ2OTk1MiwiZXhwIjoxNTI0NjUzOTUyfQ.I17UoQ8e4s6r5qsGpQem_dWQwBUhiaaV5H1B8vHl97w','2018-02-24 16:30:01.000',1,'2018-02-24 16:30:43.000');
INSERT INTO `LOGIN_SESSION_HIS` (`session_id`,`token`,`start_time`,`user_id`,`end_time`) VALUES (128,'eyJhbGciOiJIUzI1NiIsInR5cCI6IkpXVCJ9.eyJhZG1pbiI6eyJpZCI6MSwibmFtZSI6InJhdmRlZXAiLCJlbWFpbCI6InJhdmRlZXBzM0BnbWFpbC5jb20iLCJwYXNzd29yZCI6ImphcyIsImNyZWF0ZWRfYXQiOiIyMDE3LTEyLTI4VDE4OjQ3OjEyLjAwMFoiLCJ1cGRhdGVkX2F0IjoiMjAxNy0xMi0yOFQxODo0NzoxMi4wMDBaIiwicm9sZSI6MX0sImlhdCI6MTUxOTQ2OTk1MiwiZXhwIjoxNTI0NjUzOTUyfQ.I17UoQ8e4s6r5qsGpQem_dWQwBUhiaaV5H1B8vHl97w','2018-02-24 16:30:43.000',1,'2018-02-24 16:31:19.000');
INSERT INTO `LOGIN_SESSION_HIS` (`session_id`,`token`,`start_time`,`user_id`,`end_time`) VALUES (129,'eyJhbGciOiJIUzI1NiIsInR5cCI6IkpXVCJ9.eyJhZG1pbiI6eyJpZCI6MSwibmFtZSI6InJhdmRlZXAiLCJlbWFpbCI6InJhdmRlZXBzM0BnbWFpbC5jb20iLCJwYXNzd29yZCI6ImphcyIsImNyZWF0ZWRfYXQiOiIyMDE3LTEyLTI4VDE4OjQ3OjEyLjAwMFoiLCJ1cGRhdGVkX2F0IjoiMjAxNy0xMi0yOFQxODo0NzoxMi4wMDBaIiwicm9sZSI6MX0sImlhdCI6MTUxOTQ2OTk1MiwiZXhwIjoxNTI0NjUzOTUyfQ.I17UoQ8e4s6r5qsGpQem_dWQwBUhiaaV5H1B8vHl97w','2018-02-24 16:31:19.000',1,'2018-02-24 16:32:20.000');
INSERT INTO `LOGIN_SESSION_HIS` (`session_id`,`token`,`start_time`,`user_id`,`end_time`) VALUES (130,'eyJhbGciOiJIUzI1NiIsInR5cCI6IkpXVCJ9.eyJhZG1pbiI6eyJpZCI6MSwibmFtZSI6InJhdmRlZXAiLCJlbWFpbCI6InJhdmRlZXBzM0BnbWFpbC5jb20iLCJwYXNzd29yZCI6ImphcyIsImNyZWF0ZWRfYXQiOiIyMDE3LTEyLTI4VDE4OjQ3OjEyLjAwMFoiLCJ1cGRhdGVkX2F0IjoiMjAxNy0xMi0yOFQxODo0NzoxMi4wMDBaIiwicm9sZSI6MX0sImlhdCI6MTUxOTQ2OTk1MiwiZXhwIjoxNTI0NjUzOTUyfQ.I17UoQ8e4s6r5qsGpQem_dWQwBUhiaaV5H1B8vHl97w','2018-02-24 16:32:20.000',1,'2018-02-24 16:33:06.000');
INSERT INTO `LOGIN_SESSION_HIS` (`session_id`,`token`,`start_time`,`user_id`,`end_time`) VALUES (131,'eyJhbGciOiJIUzI1NiIsInR5cCI6IkpXVCJ9.eyJhZG1pbiI6eyJpZCI6MSwibmFtZSI6InJhdmRlZXAiLCJlbWFpbCI6InJhdmRlZXBzM0BnbWFpbC5jb20iLCJwYXNzd29yZCI6ImphcyIsImNyZWF0ZWRfYXQiOiIyMDE3LTEyLTI4VDE4OjQ3OjEyLjAwMFoiLCJ1cGRhdGVkX2F0IjoiMjAxNy0xMi0yOFQxODo0NzoxMi4wMDBaIiwicm9sZSI6MX0sImlhdCI6MTUxOTQ3MDE4NiwiZXhwIjoxNTI0NjU0MTg2fQ.7yPeZ5K2saRI_DTKehMdtaggsxDDoDlA2JbpnHp0QnE','2018-02-24 16:33:06.000',1,'2018-02-24 16:33:53.000');
INSERT INTO `LOGIN_SESSION_HIS` (`session_id`,`token`,`start_time`,`user_id`,`end_time`) VALUES (132,'eyJhbGciOiJIUzI1NiIsInR5cCI6IkpXVCJ9.eyJhZG1pbiI6eyJpZCI6MSwibmFtZSI6InJhdmRlZXAiLCJlbWFpbCI6InJhdmRlZXBzM0BnbWFpbC5jb20iLCJwYXNzd29yZCI6ImphcyIsImNyZWF0ZWRfYXQiOiIyMDE3LTEyLTI4VDE4OjQ3OjEyLjAwMFoiLCJ1cGRhdGVkX2F0IjoiMjAxNy0xMi0yOFQxODo0NzoxMi4wMDBaIiwicm9sZSI6MX0sImlhdCI6MTUxOTQ3MDIzMiwiZXhwIjoxNTI0NjU0MjMyfQ.S9bNrv0k0E8pqtxu0HQjXSCEwMzr5a9LUbkCNPR_SdM','2018-02-24 16:33:53.000',1,'2018-02-24 16:34:12.000');
INSERT INTO `LOGIN_SESSION_HIS` (`session_id`,`token`,`start_time`,`user_id`,`end_time`) VALUES (133,'eyJhbGciOiJIUzI1NiIsInR5cCI6IkpXVCJ9.eyJhZG1pbiI6eyJpZCI6MSwibmFtZSI6InJhdmRlZXAiLCJlbWFpbCI6InJhdmRlZXBzM0BnbWFpbC5jb20iLCJwYXNzd29yZCI6ImphcyIsImNyZWF0ZWRfYXQiOiIyMDE3LTEyLTI4VDE4OjQ3OjEyLjAwMFoiLCJ1cGRhdGVkX2F0IjoiMjAxNy0xMi0yOFQxODo0NzoxMi4wMDBaIiwicm9sZSI6MX0sImlhdCI6MTUxOTQ3MDI1MiwiZXhwIjoxNTI0NjU0MjUyfQ.e1BcIRfvK0UtUdya1OFiMVp_Fub0b2NExXBSbsjkVz4','2018-02-24 16:34:12.000',1,'2018-02-24 16:37:01.000');
INSERT INTO `LOGIN_SESSION_HIS` (`session_id`,`token`,`start_time`,`user_id`,`end_time`) VALUES (134,'eyJhbGciOiJIUzI1NiIsInR5cCI6IkpXVCJ9.eyJhZG1pbiI6eyJpZCI6MSwibmFtZSI6InJhdmRlZXAiLCJlbWFpbCI6InJhdmRlZXBzM0BnbWFpbC5jb20iLCJwYXNzd29yZCI6ImphcyIsImNyZWF0ZWRfYXQiOiIyMDE3LTEyLTI4VDE4OjQ3OjEyLjAwMFoiLCJ1cGRhdGVkX2F0IjoiMjAxNy0xMi0yOFQxODo0NzoxMi4wMDBaIiwicm9sZSI6MX0sImlhdCI6MTUxOTQ3MDQyMSwiZXhwIjoxNTI0NjU0NDIxfQ.ZJDI1PcatN7lrGnnQT5pKHtETI-rDeE0AatgxzHVnow','2018-02-24 16:37:01.000',1,'2018-02-24 16:37:37.000');
INSERT INTO `LOGIN_SESSION_HIS` (`session_id`,`token`,`start_time`,`user_id`,`end_time`) VALUES (135,'eyJhbGciOiJIUzI1NiIsInR5cCI6IkpXVCJ9.eyJhZG1pbiI6eyJpZCI6MSwibmFtZSI6InJhdmRlZXAiLCJlbWFpbCI6InJhdmRlZXBzM0BnbWFpbC5jb20iLCJwYXNzd29yZCI6ImphcyIsImNyZWF0ZWRfYXQiOiIyMDE3LTEyLTI4VDE4OjQ3OjEyLjAwMFoiLCJ1cGRhdGVkX2F0IjoiMjAxNy0xMi0yOFQxODo0NzoxMi4wMDBaIiwicm9sZSI6MX0sImlhdCI6MTUxOTQ3MDQ1NywiZXhwIjoxNTI0NjU0NDU3fQ.denRG50WheCVr5Ig8fRf-VhAFRPAoint2DqDNKIXuD8','2018-02-24 16:37:37.000',1,'2018-02-24 16:37:47.000');
INSERT INTO `LOGIN_SESSION_HIS` (`session_id`,`token`,`start_time`,`user_id`,`end_time`) VALUES (136,'eyJhbGciOiJIUzI1NiIsInR5cCI6IkpXVCJ9.eyJhZG1pbiI6eyJpZCI6MSwibmFtZSI6InJhdmRlZXAiLCJlbWFpbCI6InJhdmRlZXBzM0BnbWFpbC5jb20iLCJwYXNzd29yZCI6ImphcyIsImNyZWF0ZWRfYXQiOiIyMDE3LTEyLTI4VDE4OjQ3OjEyLjAwMFoiLCJ1cGRhdGVkX2F0IjoiMjAxNy0xMi0yOFQxODo0NzoxMi4wMDBaIiwicm9sZSI6MX0sImlhdCI6MTUxOTQ3MDQ1NywiZXhwIjoxNTI0NjU0NDU3fQ.denRG50WheCVr5Ig8fRf-VhAFRPAoint2DqDNKIXuD8','2018-02-24 16:37:47.000',1,'2018-02-24 16:38:28.000');
INSERT INTO `LOGIN_SESSION_HIS` (`session_id`,`token`,`start_time`,`user_id`,`end_time`) VALUES (137,'eyJhbGciOiJIUzI1NiIsInR5cCI6IkpXVCJ9.eyJhZG1pbiI6eyJpZCI6MSwibmFtZSI6InJhdmRlZXAiLCJlbWFpbCI6InJhdmRlZXBzM0BnbWFpbC5jb20iLCJwYXNzd29yZCI6ImphcyIsImNyZWF0ZWRfYXQiOiIyMDE3LTEyLTI4VDE4OjQ3OjEyLjAwMFoiLCJ1cGRhdGVkX2F0IjoiMjAxNy0xMi0yOFQxODo0NzoxMi4wMDBaIiwicm9sZSI6MX0sImlhdCI6MTUxOTQ3MDQ1NywiZXhwIjoxNTI0NjU0NDU3fQ.denRG50WheCVr5Ig8fRf-VhAFRPAoint2DqDNKIXuD8','2018-02-24 16:38:28.000',1,'2018-02-24 16:39:40.000');
INSERT INTO `LOGIN_SESSION_HIS` (`session_id`,`token`,`start_time`,`user_id`,`end_time`) VALUES (138,'eyJhbGciOiJIUzI1NiIsInR5cCI6IkpXVCJ9.eyJhZG1pbiI6eyJpZCI6MSwibmFtZSI6InJhdmRlZXAiLCJlbWFpbCI6InJhdmRlZXBzM0BnbWFpbC5jb20iLCJwYXNzd29yZCI6ImphcyIsImNyZWF0ZWRfYXQiOiIyMDE3LTEyLTI4VDE4OjQ3OjEyLjAwMFoiLCJ1cGRhdGVkX2F0IjoiMjAxNy0xMi0yOFQxODo0NzoxMi4wMDBaIiwicm9sZSI6MX0sImlhdCI6MTUxOTQ3MDU4MCwiZXhwIjoxNTI0NjU0NTgwfQ.Vc4ij75L7etnrmOy8M7gF3OYQ5jz72zTfADjOv3Dgtw','2018-02-24 16:39:40.000',1,'2018-02-24 16:39:57.000');
INSERT INTO `LOGIN_SESSION_HIS` (`session_id`,`token`,`start_time`,`user_id`,`end_time`) VALUES (139,'eyJhbGciOiJIUzI1NiIsInR5cCI6IkpXVCJ9.eyJhZG1pbiI6eyJpZCI6MSwibmFtZSI6InJhdmRlZXAiLCJlbWFpbCI6InJhdmRlZXBzM0BnbWFpbC5jb20iLCJwYXNzd29yZCI6ImphcyIsImNyZWF0ZWRfYXQiOiIyMDE3LTEyLTI4VDE4OjQ3OjEyLjAwMFoiLCJ1cGRhdGVkX2F0IjoiMjAxNy0xMi0yOFQxODo0NzoxMi4wMDBaIiwicm9sZSI6MX0sImlhdCI6MTUxOTQ3MDU5NywiZXhwIjoxNTI0NjU0NTk3fQ.IaYlAdMmZZOWPSlWduvat6WAkLedpaiIHiX10z8Iozc','2018-02-24 16:39:57.000',1,'2018-02-24 16:43:23.000');
INSERT INTO `LOGIN_SESSION_HIS` (`session_id`,`token`,`start_time`,`user_id`,`end_time`) VALUES (140,'eyJhbGciOiJIUzI1NiIsInR5cCI6IkpXVCJ9.eyJhZG1pbiI6eyJpZCI6MSwibmFtZSI6InJhdmRlZXAiLCJlbWFpbCI6InJhdmRlZXBzM0BnbWFpbC5jb20iLCJwYXNzd29yZCI6ImphcyIsImNyZWF0ZWRfYXQiOiIyMDE3LTEyLTI4VDE4OjQ3OjEyLjAwMFoiLCJ1cGRhdGVkX2F0IjoiMjAxNy0xMi0yOFQxODo0NzoxMi4wMDBaIiwicm9sZSI6MX0sImlhdCI6MTUxOTQ3MDgwMywiZXhwIjoxNTI0NjU0ODAzfQ.fzj7Ai9U-OTL8UH-NAKvuRVylxG9BuPBCG-4EKISMvg','2018-02-24 16:43:23.000',1,'2018-02-24 16:43:57.000');
INSERT INTO `LOGIN_SESSION_HIS` (`session_id`,`token`,`start_time`,`user_id`,`end_time`) VALUES (141,'eyJhbGciOiJIUzI1NiIsInR5cCI6IkpXVCJ9.eyJhZG1pbiI6eyJpZCI6MSwibmFtZSI6InJhdmRlZXAiLCJlbWFpbCI6InJhdmRlZXBzM0BnbWFpbC5jb20iLCJwYXNzd29yZCI6ImphcyIsImNyZWF0ZWRfYXQiOiIyMDE3LTEyLTI4VDE4OjQ3OjEyLjAwMFoiLCJ1cGRhdGVkX2F0IjoiMjAxNy0xMi0yOFQxODo0NzoxMi4wMDBaIiwicm9sZSI6MX0sImlhdCI6MTUxOTQ3MDgzNywiZXhwIjoxNTI0NjU0ODM3fQ.jUTcGeMh3J9bM56oM1zD5tIrO8t2HgzZFYOn5wR5sZg','2018-02-24 16:43:57.000',1,'2018-02-24 16:46:48.000');
INSERT INTO `LOGIN_SESSION_HIS` (`session_id`,`token`,`start_time`,`user_id`,`end_time`) VALUES (142,'eyJhbGciOiJIUzI1NiIsInR5cCI6IkpXVCJ9.eyJhZG1pbiI6eyJpZCI6MSwibmFtZSI6InJhdmRlZXAiLCJlbWFpbCI6InJhdmRlZXBzM0BnbWFpbC5jb20iLCJwYXNzd29yZCI6ImphcyIsImNyZWF0ZWRfYXQiOiIyMDE3LTEyLTI4VDE4OjQ3OjEyLjAwMFoiLCJ1cGRhdGVkX2F0IjoiMjAxNy0xMi0yOFQxODo0NzoxMi4wMDBaIiwicm9sZSI6MX0sImlhdCI6MTUxOTQ3MTAwOCwiZXhwIjoxNTI0NjU1MDA4fQ.H1OO3O92TgPw0Mh5C8Q5A55sLezhIrsAKqK94SXHYGs','2018-02-24 16:46:48.000',1,'2018-02-24 16:47:43.000');
INSERT INTO `LOGIN_SESSION_HIS` (`session_id`,`token`,`start_time`,`user_id`,`end_time`) VALUES (143,'eyJhbGciOiJIUzI1NiIsInR5cCI6IkpXVCJ9.eyJhZG1pbiI6eyJpZCI6MSwibmFtZSI6InJhdmRlZXAiLCJlbWFpbCI6InJhdmRlZXBzM0BnbWFpbC5jb20iLCJwYXNzd29yZCI6ImphcyIsImNyZWF0ZWRfYXQiOiIyMDE3LTEyLTI4VDE4OjQ3OjEyLjAwMFoiLCJ1cGRhdGVkX2F0IjoiMjAxNy0xMi0yOFQxODo0NzoxMi4wMDBaIiwicm9sZSI6MX0sImlhdCI6MTUxOTQ3MTA2MywiZXhwIjoxNTI0NjU1MDYzfQ.ycTaAv9hu7WxvdKVBTpAuTLpkbIlYKBIRl9WEjGSxs8','2018-02-24 16:47:43.000',1,'2018-02-24 16:48:05.000');
INSERT INTO `LOGIN_SESSION_HIS` (`session_id`,`token`,`start_time`,`user_id`,`end_time`) VALUES (144,'eyJhbGciOiJIUzI1NiIsInR5cCI6IkpXVCJ9.eyJhZG1pbiI6eyJpZCI6MSwibmFtZSI6InJhdmRlZXAiLCJlbWFpbCI6InJhdmRlZXBzM0BnbWFpbC5jb20iLCJwYXNzd29yZCI6ImphcyIsImNyZWF0ZWRfYXQiOiIyMDE3LTEyLTI4VDE4OjQ3OjEyLjAwMFoiLCJ1cGRhdGVkX2F0IjoiMjAxNy0xMi0yOFQxODo0NzoxMi4wMDBaIiwicm9sZSI6MX0sImlhdCI6MTUxOTQ3MTA4NSwiZXhwIjoxNTI0NjU1MDg1fQ.i_0Rg4ye86NhFEB_Q6beacjyi0xM6JSk4DtDQ9fdsyI','2018-02-24 16:48:05.000',1,'2018-02-24 16:48:50.000');
INSERT INTO `LOGIN_SESSION_HIS` (`session_id`,`token`,`start_time`,`user_id`,`end_time`) VALUES (145,'eyJhbGciOiJIUzI1NiIsInR5cCI6IkpXVCJ9.eyJhZG1pbiI6eyJpZCI6MSwibmFtZSI6InJhdmRlZXAiLCJlbWFpbCI6InJhdmRlZXBzM0BnbWFpbC5jb20iLCJwYXNzd29yZCI6ImphcyIsImNyZWF0ZWRfYXQiOiIyMDE3LTEyLTI4VDE4OjQ3OjEyLjAwMFoiLCJ1cGRhdGVkX2F0IjoiMjAxNy0xMi0yOFQxODo0NzoxMi4wMDBaIiwicm9sZSI6MX0sImlhdCI6MTUxOTQ3MTEzMCwiZXhwIjoxNTI0NjU1MTMwfQ.QGcpdpJJCJ4OuuQNgX6Zn4ebcEQvr85tTBdM54BZD9o','2018-02-24 16:48:50.000',1,'2018-02-24 16:49:30.000');
INSERT INTO `LOGIN_SESSION_HIS` (`session_id`,`token`,`start_time`,`user_id`,`end_time`) VALUES (146,'eyJhbGciOiJIUzI1NiIsInR5cCI6IkpXVCJ9.eyJhZG1pbiI6eyJpZCI6MSwibmFtZSI6InJhdmRlZXAiLCJlbWFpbCI6InJhdmRlZXBzM0BnbWFpbC5jb20iLCJwYXNzd29yZCI6ImphcyIsImNyZWF0ZWRfYXQiOiIyMDE3LTEyLTI4VDE4OjQ3OjEyLjAwMFoiLCJ1cGRhdGVkX2F0IjoiMjAxNy0xMi0yOFQxODo0NzoxMi4wMDBaIiwicm9sZSI6MX0sImlhdCI6MTUxOTQ3MTE3MCwiZXhwIjoxNTI0NjU1MTcwfQ.ADSMqLRBtV5N3LXVkdJVgQ5TzXzQ-xNeaR76q2CY-cc','2018-02-24 16:49:30.000',1,'2018-02-24 16:50:17.000');
INSERT INTO `LOGIN_SESSION_HIS` (`session_id`,`token`,`start_time`,`user_id`,`end_time`) VALUES (147,'eyJhbGciOiJIUzI1NiIsInR5cCI6IkpXVCJ9.eyJhZG1pbiI6eyJpZCI6MSwibmFtZSI6InJhdmRlZXAiLCJlbWFpbCI6InJhdmRlZXBzM0BnbWFpbC5jb20iLCJwYXNzd29yZCI6ImphcyIsImNyZWF0ZWRfYXQiOiIyMDE3LTEyLTI4VDE4OjQ3OjEyLjAwMFoiLCJ1cGRhdGVkX2F0IjoiMjAxNy0xMi0yOFQxODo0NzoxMi4wMDBaIiwicm9sZSI6MX0sImlhdCI6MTUxOTQ3MTIxNywiZXhwIjoxNTI0NjU1MjE3fQ.KLTjy2KB8oZUKtCog4AUutuJAhMZ9TymRfq7Q9DPID4','2018-02-24 16:50:17.000',1,'2018-02-24 16:51:51.000');
INSERT INTO `LOGIN_SESSION_HIS` (`session_id`,`token`,`start_time`,`user_id`,`end_time`) VALUES (148,'eyJhbGciOiJIUzI1NiIsInR5cCI6IkpXVCJ9.eyJhZG1pbiI6eyJpZCI6MSwibmFtZSI6InJhdmRlZXAiLCJlbWFpbCI6InJhdmRlZXBzM0BnbWFpbC5jb20iLCJwYXNzd29yZCI6ImphcyIsImNyZWF0ZWRfYXQiOiIyMDE3LTEyLTI4VDE4OjQ3OjEyLjAwMFoiLCJ1cGRhdGVkX2F0IjoiMjAxNy0xMi0yOFQxODo0NzoxMi4wMDBaIiwicm9sZSI6MX0sImlhdCI6MTUxOTQ3MTMxMSwiZXhwIjoxNTI0NjU1MzExfQ.j0ImpOYBBlRECWEE_guusm-7CHlO5dTKWn4VOdfZzUo','2018-02-24 16:51:51.000',1,'2018-02-24 16:57:27.000');

INSERT INTO `L_Active` (`active_id`,`a_text`) VALUES (0,'Inactive');
INSERT INTO `L_Active` (`active_id`,`a_text`) VALUES (1,'Active');

INSERT INTO `L_FINE_RATES` (`id`,`fine_amount`,`isActive`) VALUES (1,5,1);

INSERT INTO `L_INSTALLMENT_TYPE` (`id`,`type`) VALUES (1,'INSTALLMENT');
INSERT INTO `L_INSTALLMENT_TYPE` (`id`,`type`) VALUES (2,'FINE');

INSERT INTO `L_LOAN_CYCLE` (`l_cycle_id`,`cycle`,`name`) VALUES (1,1,'Monthly');
INSERT INTO `L_LOAN_CYCLE` (`l_cycle_id`,`cycle`,`name`) VALUES (2,2,'Bimonthly');
INSERT INTO `L_LOAN_CYCLE` (`l_cycle_id`,`cycle`,`name`) VALUES (3,3,'Quatrly');
INSERT INTO `L_LOAN_CYCLE` (`l_cycle_id`,`cycle`,`name`) VALUES (4,6,'Semi Yearly');
INSERT INTO `L_LOAN_CYCLE` (`l_cycle_id`,`cycle`,`name`) VALUES (5,12,'Annualy');

INSERT INTO `L_LOAN_TYPE` (`l_type_id`,`type`) VALUES (1,'Vechile Loan');
INSERT INTO `L_LOAN_TYPE` (`l_type_id`,`type`) VALUES (2,'Property Loan');
INSERT INTO `L_LOAN_TYPE` (`l_type_id`,`type`) VALUES (3,'Daily Loan');
INSERT INTO `L_LOAN_TYPE` (`l_type_id`,`type`) VALUES (4,'Gold Loan');

INSERT INTO `PEOPLE` (`id`,`name`,`address`,`loan_type_id`,`created_date`,`mob`,`isActive`,`description`,`photo_url`,`father_name`) VALUES (9217082,'Kiranjeet','Vill. Sohian, tesh.payal, dist. Ludhiana ',1,'2018-01-31 02:02:48.000','8555555222',1,'','uploads/893969599.jpg','');
INSERT INTO `PEOPLE` (`id`,`name`,`address`,`loan_type_id`,`created_date`,`mob`,`isActive`,`description`,`photo_url`,`father_name`) VALUES (9217083,'Ganeish manji ','Ganeish manji s/o jai lal vill. Sohian, p.O. maloudh, tesh. Payal, dist. Ludhiana ( punjab)',1,'2018-01-31 11:08:36.000','9569704463',1,'','','');
INSERT INTO `PEOPLE` (`id`,`name`,`address`,`loan_type_id`,`created_date`,`mob`,`isActive`,`description`,`photo_url`,`father_name`) VALUES (9217085,'Kamaljit singh','Vill . Sohian, tesh. Payal, dist. Ludhiana (punjab )',1,'2018-01-31 15:59:53.000','9855428737',1,'','','');
INSERT INTO `PEOPLE` (`id`,`name`,`address`,`loan_type_id`,`created_date`,`mob`,`isActive`,`description`,`photo_url`,`father_name`) VALUES (9217086,'Rajinderpal sharma','Vill. Jogimajra, tesh. Payal, dist. Ludhiana',2,'2018-01-31 16:06:41.000','9592003059',1,'','uploads/156483209.jpg','');
INSERT INTO `PEOPLE` (`id`,`name`,`address`,`loan_type_id`,`created_date`,`mob`,`isActive`,`description`,`photo_url`,`father_name`) VALUES (9217087,'Inderjit singh','Inderjit singh s/o jagroop singh , vill. Jitwal khalan, tesh. Malerkotla, dist . Sangrur ( punjab)',1,'2018-01-31 18:01:16.000','8360763261',1,'','','');
INSERT INTO `PEOPLE` (`id`,`name`,`address`,`loan_type_id`,`created_date`,`mob`,`isActive`,`description`,`photo_url`,`father_name`) VALUES (9217088,'Narpinder singh','Narpinder singh, Vill. Kup khalan, tesh. Malerkotla , dist . Sangrur ( punjab)',2,'2018-01-31 18:07:45.000','9592666255',1,'','','');
INSERT INTO `PEOPLE` (`id`,`name`,`address`,`loan_type_id`,`created_date`,`mob`,`isActive`,`description`,`photo_url`,`father_name`) VALUES (9217090,'Jagdeep singh','Vill.sohian,tesh. Payal, dist . Ludhiana ( punjab )',1,'2018-02-01 15:15:15.000','8528280776',1,'','','');
INSERT INTO `PEOPLE` (`id`,`name`,`address`,`loan_type_id`,`created_date`,`mob`,`isActive`,`description`,`photo_url`,`father_name`) VALUES (9217094,'Hardeep singh','Vill.sohian, tesh. Payal, dist. Ludhiana',2,'2018-02-03 21:56:11.000','9781745463',1,'','','Narang singh');
INSERT INTO `PEOPLE` (`id`,`name`,`address`,`loan_type_id`,`created_date`,`mob`,`isActive`,`description`,`photo_url`,`father_name`) VALUES (9217095,'Baljinder singh','Vill. Sohian, p.o maloudh,tesh. Payal, dist. Ludhiana',1,'2018-02-03 22:13:19.000','9855032678',1,'','','Jangir singh');
INSERT INTO `PEOPLE` (`id`,`name`,`address`,`loan_type_id`,`created_date`,`mob`,`isActive`,`description`,`photo_url`,`father_name`) VALUES (9217096,'Sukhwinder singh','Vill. Sohian, p.o maloudh , tesh . Payal, dist. Ludhiana ( punjab )',1,'2018-02-13 11:12:28.000','9781469814',1,'','','Dalwara singh');

INSERT INTO `PEOPLE_HIS` (`id`,`name`,`address`,`loan_type_id`,`created_date`,`mob`,`isActive`,`description`,`photo_url`) VALUES (9217091,'T','nkdnm`',2,'2018-02-02 01:56:15.000','9653406905',1,'','gf');
INSERT INTO `PEOPLE_HIS` (`id`,`name`,`address`,`loan_type_id`,`created_date`,`mob`,`isActive`,`description`,`photo_url`) VALUES (9217089,'Jagdeep singh','Vill. Sohian , tesh. Payal , dist. Ludhiana',1,'2018-02-01 11:12:07.000','8528280776',1,'','');
INSERT INTO `PEOPLE_HIS` (`id`,`name`,`address`,`loan_type_id`,`created_date`,`mob`,`isActive`,`description`,`photo_url`) VALUES (9217092,'gjnj','dfdc',1,'2018-02-03 04:14:18.000','4444444444',1,'','');
INSERT INTO `PEOPLE_HIS` (`id`,`name`,`address`,`loan_type_id`,`created_date`,`mob`,`isActive`,`description`,`photo_url`) VALUES (9217093,'gjnj','dfdc',1,'2018-02-03 04:14:47.000','4444444444',1,'','');
INSERT INTO `PEOPLE_HIS` (`id`,`name`,`address`,`loan_type_id`,`created_date`,`mob`,`isActive`,`description`,`photo_url`) VALUES (9217084,'Kamaljit singh','Kamaljit singh s/o norang singh vill. Sohian, tesh. Payal, dist.ludhiana',1,'2018-01-31 11:37:28.000','9855428737',1,'','');

INSERT INTO `SUPER_USER` (`id`,`uid`) VALUES (1,1);
INSERT INTO `SUPER_USER` (`id`,`uid`) VALUES (2,6);

INSERT INTO `USERS` (`id`,`name`,`email`,`password`,`created_at`,`updated_at`,`role`) VALUES (1,'ravdeep','ravdeeps3@gmail.com','jas','2017-12-29 00:17:12.000','2017-12-29 00:17:12.000',1);
INSERT INTO `USERS` (`id`,`name`,`email`,`password`,`created_at`,`updated_at`,`role`) VALUES (6,'Jaskarn ','9592003059@sus.com','jass','2018-01-30 06:37:00.000','2018-01-30 06:37:00.000',1);
INSERT INTO `USERS` (`id`,`name`,`email`,`password`,`created_at`,`updated_at`,`role`) VALUES (7,'Sandeep','8872556067@sus.com','sus123','2018-01-30 06:37:57.000','2018-01-30 06:37:57.000',1);